Date,Open,High,Low,Close,Volume,Adj_Close,Daily_Return,MA10,MA30,Volatility_10,Lag1,Lag2,Lag3,Return_Lag1,Volume_Change,Target_NextClose
2015-02-17,127.489998,128.880005,126.919998,127.830002,63152400,122.905254,,,,,,,,,,128.720001
2015-02-18,127.629997,128.779999,127.449997,128.720001,44891700,123.760965,0.6962363968358476,,,,127.830002,,,,-28.91529063028484,128.449997
2015-02-19,128.479996,129.029999,128.330002,128.449997,37362400,123.501363,-0.20976071931509965,,,,128.720001,127.830002,,0.6962363968358476,-16.772142734625774,129.5
2015-02-20,128.619995,129.5,128.050003,129.5,48948400,124.510914,0.8174410467288729,,,,128.449997,128.720001,127.830002,-0.20976071931509965,31.009785238635622,133.0
2015-02-23,130.020004,133.0,129.660004,133.0,70974100,127.876074,2.7027027027026973,,,,129.5,128.449997,128.720001,0.8174410467288729,44.99779359488767,132.169998
2015-02-24,132.940002,133.600006,131.169998,132.169998,69228100,127.078049,-0.6240616541353439,,,,133.0,129.5,128.449997,2.7027027027026973,-2.46005232894817,128.789993
2015-02-25,131.559998,131.600006,128.149994,128.789993,74711700,123.828261,-2.557316373720442,,,,132.169998,133.0,129.5,-0.6240616541353439,7.921060956461323,130.419998
2015-02-26,128.789993,130.869995,126.610001,130.419998,91287500,125.395469,1.265630164293885,,,,128.789993,132.169998,133.0,-2.557316373720442,22.18635099991033,128.460007
2015-02-27,130.0,130.570007,128.240005,128.460007,62014800,123.510987,-1.5028301104559105,,,,130.419998,128.789993,132.169998,1.265630164293885,-32.066493221963576,129.089996
2015-03-02,129.25,130.279999,128.300003,129.089996,48096700,124.116706,0.4904164453299664,129.6429992,,,128.460007,130.419998,128.789993,-1.5028301104559105,-22.44319098021762,129.360001
2015-03-03,128.960007,129.520004,128.089996,129.360001,37816300,124.376308,0.2091602822576588,129.79599910000002,,1.468546323428095,129.089996,128.460007,130.419998,0.4904164453299664,-21.37443941060405,128.539993
2015-03-04,129.100006,129.559998,128.320007,128.539993,31666300,123.587892,-0.6338960989958564,129.77799829999998,,1.4716713549080203,129.360001,129.089996,128.460007,0.2091602822576588,-16.262828462858614,126.410004
2015-03-05,128.580002,128.75,125.760002,126.410004,56517100,121.539962,-1.6570632612373126,129.57399900000001,,1.5624920836769258,128.539993,129.360001,129.089996,-0.6338960989958564,78.47711920874873,126.599998
2015-03-06,128.399994,129.369995,126.260002,126.599998,72842100,121.722637,0.15029981329641728,129.2839988,,1.5305598968024123,126.410004,128.539993,129.360001,-1.6570632612373126,28.88506310479484,127.139999
2015-03-09,127.959999,129.570007,125.059998,127.139999,88528500,122.241834,0.4265410809880077,128.6979987,,1.1766642849802231,126.599998,126.410004,128.539993,0.15029981329641728,21.53479924384387,124.510002
2015-03-10,126.410004,127.220001,123.800003,124.510002,68856600,119.71316,-2.06858346758364,127.93199909999998,,1.284999879720954,127.139999,126.599998,126.410004,0.4265410809880077,-22.22097968450838,122.239998
2015-03-11,124.75,124.769997,122.110001,122.239998,68939000,117.530609,-1.8231499185101585,127.2769996,,1.1763485981071442,124.510002,127.139999,126.599998,-2.06858346758364,0.11966899324102886,124.449997
2015-03-12,122.309998,124.900002,121.629997,124.449997,48362700,119.655466,1.8079180596845212,126.67999949999998,,1.275815793663009,122.239998,124.510002,127.139999,-1.8231499185101585,-29.84711121426188,123.589996
2015-03-13,124.400002,125.400002,122.580002,123.589996,51827300,118.828598,-0.6910413987394448,126.19299840000001,,1.226989613228709,124.449997,122.239998,124.510002,1.8079180596845212,7.163785313888593,124.949997
2015-03-16,123.879997,124.949997,122.870003,124.949997,35874300,120.136203,1.1004134994874404,125.77899849999999,,1.2886266556165842,123.589996,124.449997,122.239998,-0.6910413987394448,-30.78107483893624,127.040001
2015-03-17,125.900002,127.32,125.650002,127.040001,51023100,122.145688,1.6726723090677575,125.5469985,,1.4304445401810995,124.949997,123.589996,124.449997,1.1004134994874404,42.227444159189176,128.470001
2015-03-18,127.0,129.160004,126.370003,128.470001,65270900,123.520597,1.1256297140614713,125.5399993,,1.4747880998512792,127.040001,124.949997,123.589996,1.6726723090677575,27.92421471843145,127.5
2015-03-19,128.75,129.25,127.400002,127.5,45809500,122.587966,-0.7550408596945446,125.6489989,,1.386842571149551,128.470001,127.040001,124.949997,1.1256297140614713,-29.816350012026803,125.900002
2015-03-20,128.25,128.399994,125.160004,125.900002,68695100,121.049608,-1.2549003921568658,125.5789993,,1.45030590834453,127.5,128.470001,127.040001,-0.7550408596945446,49.95819644396904,127.209999
2015-03-23,127.120003,127.849998,126.519997,127.209999,37709700,122.309137,1.0405059405797168,125.5859993,,1.4851088076374162,125.900002,127.5,128.470001,-1.2549003921568658,-45.105691672331794,126.690002
2015-03-24,127.230003,128.039993,126.559998,126.690002,32842300,121.809174,-0.4087705401208175,125.80399930000002,,1.308571256993019,127.209999,125.900002,127.5,1.0405059405797168,-12.907554289745082,123.379997
2015-03-25,126.540001,126.82,123.379997,123.379997,51655200,118.626689,-2.612680517599175,125.91799920000001,,1.4582179249251308,126.690002,127.209999,125.900002,-0.4087705401208175,57.28252893372267,124.239998
2015-03-26,122.760002,124.879997,122.599998,124.239998,47572900,119.453558,0.6970343823237357,125.89699929999999,,1.3523290365145124,123.379997,126.690002,127.209999,-2.612680517599175,-7.902979758088247,123.25
2015-03-27,124.57,124.699997,122.910004,123.25,39546200,118.5017,-0.7968432195242015,125.8629997,,1.3586603839912517,124.239998,123.379997,126.690002,0.6970343823237357,-16.872421063252396,126.370003
2015-03-30,124.050003,126.400002,124.0,126.370003,47099700,121.501502,2.5314425963488763,126.0050003,127.14233266666666,1.5513820138127308,123.25,124.239998,123.379997,-0.7968432195242015,19.10044454334423,124.43
2015-03-31,126.089996,126.489998,124.360001,124.43,42090600,119.63624,-1.5351768251520848,125.7440002,127.02899926666666,1.527012978069649,126.370003,123.25,124.239998,2.5314425963488763,-10.635099586621566,124.25
2015-04-01,124.82,125.120003,123.099998,124.25,40621400,119.463174,-0.1446596479948603,125.32200010000001,126.87999923333334,1.4559551772205699,124.43,126.370003,123.25,-1.5351768251520848,-3.490565589466532,125.32
2015-04-02,125.029999,125.559998,124.190002,125.32,32220100,120.491951,0.8611670020120643,125.10400010000001,126.775666,1.4920368878050845,124.25,124.43,126.370003,-0.1446596479948603,-20.68195581639235,127.349998
2015-04-06,124.470001,127.510002,124.330002,127.349998,37194000,122.443743,1.6198515799553226,125.24899969999998,126.70399926666667,1.5344694025460226,125.32,124.25,124.43,0.8611670020120643,15.437258109068551,126.010002
2015-04-07,127.639999,128.119995,125.980003,126.010002,35012300,121.155371,-1.0522151716091943,125.12899999999999,126.47099933333334,1.538465555379069,127.349998,125.32,124.25,1.6198515799553226,-5.865731031886867,125.599998
2015-04-08,125.849998,126.400002,124.970001,125.599998,37329200,120.761163,-0.32537417148839065,125.0199996,126.25199933333333,1.5367350187510305,126.010002,127.349998,125.32,-1.0522151716091943,6.6173887462406045,126.559998
2015-04-09,125.849998,126.580002,124.660004,126.559998,32484000,121.684177,0.764331222361947,125.3379997,126.17766616666667,1.2641755665315186,125.599998,126.010002,127.349998,-0.32537417148839065,-12.979651318538842,127.099998
2015-04-10,125.949997,127.209999,125.260002,127.099998,40188000,122.203374,0.4266751015593373,125.62399969999998,126.06699950000001,1.256705941689968,126.559998,125.599998,126.010002,0.764331222361947,23.71629109715552,126.849998
2015-04-13,128.369995,128.570007,126.610001,126.849998,36365100,121.963006,-0.1966955184373842,125.98399950000001,126.01333253333333,1.2156172408954278,127.099998,126.559998,125.599998,0.4266751015593373,-9.512541057031953,126.300003
2015-04-14,127.0,127.290001,125.910004,126.300003,25524600,121.434199,-0.43357903718689306,125.97699949999999,125.92033276666668,0.9398082759396803,126.849998,127.099998,126.559998,-0.1966955184373842,-29.8101751404506,126.779999
2015-04-15,126.410004,127.129997,126.010002,126.779999,28970400,121.895703,0.38004432984850567,126.2119994,125.8343327,0.7728748179106759,126.300003,126.849998,127.099998,-0.43357903718689306,13.499917726428624,126.169998
2015-04-16,126.279999,127.099998,126.110001,126.169998,28369000,121.309203,-0.4811492386902372,126.4039992,125.75533286666665,0.7960395355476901,126.779999,126.300003,126.849998,0.38004432984850567,-2.075911965316324,124.75
2015-04-17,125.550003,126.139999,124.459999,124.75,51957000,119.943911,-1.1254640742722422,126.3469992,125.6999994,0.8468598281608536,126.169998,126.779999,126.300003,-0.4811492386902372,83.14709718354543,127.599998
2015-04-20,125.57,128.119995,125.169998,127.599998,47054300,122.684112,2.2845675350701367,126.3719992,125.73333273333333,1.0034385591164525,124.75,126.169998,126.779999,-1.1254640742722422,-9.43607213657448,126.910004
2015-04-21,128.100006,128.199997,126.669998,126.910004,32435100,122.020699,-0.5407476573784931,126.46199940000001,125.72566623333333,0.9543132889877042,127.599998,124.75,126.169998,2.2845675350701367,-31.068786487101075,128.619995
2015-04-22,126.989998,128.869995,126.32,128.619995,37654500,123.664812,1.3474044173853894,126.7639991,125.86266599999999,1.02059060785552,126.910004,127.599998,124.75,-0.5407476573784931,16.091826447274716,129.669998
2015-04-23,128.300003,130.419998,128.139999,129.669998,45770900,124.674363,0.816360628843138,127.07499909999999,126.11033266666666,1.0236742191442583,128.619995,126.910004,127.599998,1.3474044173853894,21.554927033953454,130.279999
2015-04-24,130.490005,130.630005,129.229996,130.279999,44525900,125.260863,0.4704257032532855,127.3929992,126.30466606666667,1.024616988524275,129.669998,128.619995,126.910004,0.816360628843138,-2.7200688647153526,132.649994
2015-04-27,132.309998,133.130005,131.149994,132.649994,96954200,127.539552,1.819154911108023,127.97299879999998,126.60666599999999,1.1203358016001108,130.279999,129.669998,128.619995,0.4704257032532855,117.74787258651705,130.559998
2015-04-28,134.460007,134.539993,129.570007,130.559998,118924000,125.530074,-1.5755718767691662,128.3989983,126.79366603333332,1.2691484578100032,132.649994,130.279999,129.669998,1.819154911108023,22.659977597669823,128.639999
2015-04-29,130.160004,131.589996,128.300003,128.639999,63386100,123.684046,-1.4705874918901407,128.5849983,126.84699930000001,1.3915993387877508,130.559998,132.649994,130.279999,-1.5755718767691662,-46.70032962227978,125.150002
2015-04-30,128.639999,128.639999,124.580002,125.150002,83195400,120.328503,-2.712995201438073,128.4829987,126.73633266666666,1.6582799858363113,128.639999,130.559998,132.649994,-1.4705874918901407,31.25180441768778,128.949997
2015-05-01,126.099998,130.130005,125.300003,128.949997,58512600,123.9821,3.0363523286240035,128.90299839999997,126.7846659,1.8720736520819996,125.150002,128.639999,130.559998,-2.712995201438073,-29.66846724698722,128.699997
2015-05-04,129.5,130.570007,128.259995,128.699997,50988300,123.741732,-0.19387359892687472,129.0129983,126.87799906666666,1.7470040995889071,128.949997,125.150002,128.639999,3.0363523286240035,-12.859281590631767,125.800003
2015-05-05,128.149994,128.449997,125.779999,125.800003,49271400,120.953462,-2.2532976438220054,128.90199819999998,126.8309992,1.8944651168365565,128.699997,128.949997,125.150002,-0.19387359892687472,-3.3672430734109637,125.010002
2015-05-06,126.559998,126.75,123.360001,125.010002,72141000,120.193897,-0.6279817020354184,128.54099889999998,126.7749992,1.832014880492019,125.800003,128.699997,128.949997,-2.2532976438220054,46.41556765182236,125.260002
2015-05-07,124.769997,126.080002,124.019997,125.260002,43940900,120.93733,0.19998399808041079,128.09999929999998,126.83766603333333,1.8015488617769562,125.010002,125.800003,128.699997,-0.6279817020354184,-39.090253808513886,127.620003
2015-05-08,126.68,127.620003,126.110001,127.620003,55550400,123.215888,1.8840818795452297,127.8339997,126.95033286666667,1.922793450340569,125.260002,125.010002,125.800003,0.19998399808041079,26.42071509686874,126.32
2015-05-11,127.389999,127.559998,125.629997,126.32,42035800,121.960747,-1.0186514413418446,127.2010003,127.05266619999999,1.7988220124135692,127.620003,125.260002,125.010002,1.8840818795452297,-24.32853768829747,125.870003
2015-05-12,125.599998,126.879997,124.82,125.870003,48160000,121.526279,-0.3562357504749758,126.7320008,127.03599953333332,1.7566304988172632,126.32,127.620003,125.260002,-1.0186514413418446,14.569010224618072,126.010002
2015-05-13,126.150002,127.190002,125.870003,126.010002,34694200,121.661447,0.11122507083756172,126.46900109999999,127.08866626666666,1.7153792250930524,125.870003,126.32,127.620003,-0.3562357504749758,-27.96054817275747,128.949997
2015-05-14,127.410004,128.949997,127.160004,128.949997,45203500,124.499984,2.3331441578740675,126.8490006,127.24533283333334,1.6319318520415578,126.010002,125.870003,126.32,0.11122507083756172,30.29123023444842,128.770004
2015-05-15,129.070007,129.490005,128.210007,128.770004,38208000,124.326203,-0.13958356276657646,126.83100129999998,127.36033296666666,1.3223990364189868,128.949997,126.010002,125.870003,2.3331441578740675,-15.475571581846538,130.190002
2015-05-18,128.380005,130.720001,128.360001,130.190002,50882900,125.697198,1.1027397343250867,126.9800018,127.45499976666665,1.3648299783616455,128.770004,128.949997,126.010002,-0.13958356276657646,33.17341917922949,130.070007
2015-05-19,130.690002,130.880005,129.639999,130.070007,44633200,125.581344,-0.09216913599862098,127.4070022,127.59033326666666,1.0901051294196595,130.190002,128.770004,128.949997,1.1027397343250867,-12.282515344054678,130.059998
2015-05-20,130.0,130.979996,129.339996,130.059998,36454900,125.571679,-0.007695086846570831,127.91200179999998,127.73899993333335,1.0456692744068967,130.070007,130.190002,128.770004,-0.09216913599862098,-18.32335570830682,131.389999
2015-05-21,130.070007,131.630005,129.830002,131.389999,39730400,126.855783,1.0226057361618413,128.52500149999997,127.89999996666666,1.0602938987069497,130.059998,130.070007,130.190002,-0.007695086846570831,8.985074708749718,132.539993
2015-05-22,131.600006,132.970001,131.399994,132.539993,45596000,127.966091,0.8752523089676112,129.0170005,128.08133313333332,0.9550436362228721,131.389999,130.059998,130.070007,1.0226057361618413,14.763506030646557,129.619995
2015-05-26,132.600006,132.910004,129.119995,129.619995,70697600,125.146861,-2.20310710292555,129.34699999999998,128.17366636666668,1.1922040517762738,132.539993,131.389999,130.059998,0.8752523089676112,55.05219756118957,132.039993
2015-05-27,130.339996,132.259995,130.050003,132.039993,45833200,127.483346,1.8669943630224894,129.963999,128.36499936666667,1.2684212207668637,129.619995,132.539993,131.389999,-2.20310710292555,-35.17007649481736,131.779999
2015-05-28,131.860001,131.949997,131.100006,131.779999,30733300,127.232324,-0.19690549362570975,130.5409987,128.53166603333332,1.2822298479084924,132.039993,129.619995,132.539993,1.8669943630224894,-32.94533220460277,130.279999
2015-05-29,131.229996,131.449997,129.899994,130.279999,50884500,125.784088,-1.138260746230546,130.6739989,128.66866606666667,1.183724734717806,131.779999,132.039993,129.619995,-0.19690549362570975,65.56796699345662,130.539993
2015-06-01,130.279999,131.389999,130.050003,130.539993,32112800,126.03511,0.19956555265248088,130.85099780000002,128.86166583333335,1.1806661536201188,130.279999,131.779999,132.039993,-1.138260746230546,-36.89080171761538,129.960007
2015-06-02,129.860001,130.660004,129.320007,129.960007,33667600,125.475139,-0.444297557147888,130.8279983,128.9403328,1.1416331159238375,130.539993,130.279999,131.779999,0.19956555265248088,4.841683067188152,130.119995
2015-06-03,130.660004,130.940002,129.899994,130.119995,30889400,125.629606,0.12310556431409658,130.8329971,129.0473325,1.1419789001200993,129.960007,130.539993,130.279999,-0.444297557147888,-8.251850443750076,129.360001
2015-06-04,129.580002,130.580002,128.910004,129.360001,38450100,124.895839,-0.5840716486347652,130.7629974,129.0719993666667,1.157397134870915,130.119995,129.960007,130.539993,0.12310556431409658,24.476681321100436,128.649994
2015-06-05,129.5,129.690002,128.360001,128.649994,35626800,124.210334,-0.5488613130112951,130.48899690000002,129.03799923333332,1.1012167300711242,129.360001,130.119995,129.960007,-0.5840716486347652,-7.342763737935664,127.800003
2015-06-08,128.899994,129.210007,126.830002,127.800003,52674800,123.389676,-0.6607003806000877,130.01499789999997,128.95533269999999,1.0391624438686682,128.649994,129.360001,130.119995,-0.5488613130112951,47.851617321791466,127.419998
2015-06-09,126.699997,128.080002,125.620003,127.419998,56075400,123.022785,-0.2973434984974155,129.79499819999998,128.7809995,0.8135850039611762,127.800003,128.649994,129.360001,-0.6607003806000877,6.455838465452168,128.880005
2015-06-10,127.919998,129.339996,127.849998,128.880005,39087300,124.432408,1.145822494833193,129.4789994,128.72499973333333,0.6227262487277143,127.419998,127.800003,128.649994,-0.2973434984974155,-30.29510266533988,128.589996
2015-06-11,129.179993,130.179993,128.479996,128.589996,35390900,124.152407,-0.22502249282190245,129.1599991,128.72333296666665,0.6225725313801922,128.880005,127.419998,127.800003,1.145822494833193,-9.456780079463146,127.169998
2015-06-12,128.190002,128.330002,127.110001,127.169998,36886200,122.781413,-1.104283415639895,128.848999,128.79066616666668,0.6172133899820857,128.589996,128.880005,127.419998,-0.22502249282190245,4.225097412046597,126.919998
2015-06-15,126.099998,127.239998,125.709999,126.919998,43988900,122.54004,-0.19658724851123743,128.4869995,128.72299953333334,0.5983174984039877,127.169998,128.589996,128.880005,-1.104283415639895,19.25571080783599,127.599998
2015-06-16,127.029999,127.849998,126.370003,127.599998,31494100,123.196574,0.535770572577543,128.25099859999997,128.6863329,0.6465951748619152,126.919998,127.169998,128.589996,-0.19658724851123743,-28.404438392412633,127.300003
2015-06-17,127.720001,127.879997,126.739998,127.300003,32918100,122.906931,-0.2351058030580777,127.9689994,128.7363329,0.6377240804526413,127.599998,126.919998,127.169998,0.535770572577543,4.521481801353278,127.879997
2015-06-18,127.230003,128.309998,127.220001,127.879997,35407200,123.46691,0.45561192956138363,127.82099899999999,128.8319994,0.6557335695150832,127.300003,127.599998,126.919998,-0.2351058030580777,7.561493524838925,126.599998
2015-06-19,127.709999,127.82,126.400002,126.599998,54716900,122.231083,-1.0009376212293808,127.6159994,128.87666593333333,0.7029964635261814,127.879997,127.300003,127.599998,0.45561192956138363,54.536083056553466,127.610001
2015-06-22,127.489998,128.059998,127.080002,127.610001,34039300,123.206231,0.7977906919082178,127.59699919999998,128.87633253333334,0.7376203781614382,126.599998,127.879997,127.300003,-1.0009376212293808,-37.79015258539866,127.029999
2015-06-23,127.480003,127.610001,126.879997,127.029999,30268900,122.646244,-0.45451139836601984,127.5579993,128.89999916666667,0.745992625629482,127.610001,126.599998,127.879997,0.7977906919082178,-11.076608508400588,128.110001
2015-06-24,127.209999,129.800003,127.120003,128.110001,55280900,123.688976,0.850194448950603,127.48099889999999,128.97466576666665,0.6986563100780624,127.029999,127.610001,126.599998,-0.45451139836601984,82.63266917529212,127.5
2015-06-25,128.860001,129.199997,127.5,127.5,31938100,123.100026,-0.4761540826153099,127.3719993,129.02433236666667,0.7097638117796692,128.110001,127.029999,127.610001,0.850194448950603,-42.2257958897196,126.75
2015-06-26,127.669998,127.989998,126.510002,126.75,44066800,122.375908,-0.588235294117645,127.32999949999999,128.95099913333334,0.6428504052001733,127.5,128.110001,127.029999,-0.4761540826153099,37.9756466414721,124.529999
2015-06-29,125.459999,126.470001,124.480003,124.529999,49161400,120.232518,-1.751480078895462,127.0909996,128.80966563333334,0.8438996970320967,126.75,127.5,128.110001,-0.588235294117645,11.561084535296406,125.43
2015-06-30,125.57,126.120003,124.860001,125.43,44370700,121.101461,0.7227182263126908,126.87399979999998,128.6509989,0.86352541267437,124.529999,126.75,127.5,-1.751480078895462,-9.74484046426668,126.599998
2015-07-01,126.900002,126.940002,125.989998,126.599998,30238800,122.231083,0.9327896037630401,126.80399930000002,128.53533193333334,0.9298713946706947,125.43,124.529999,126.75,0.7227182263126908,-31.849621484448065,126.440002
2015-07-02,126.43,126.690002,125.769997,126.440002,27211000,122.076609,-0.12637914891593383,126.65999980000001,128.4146654,0.9126788802973508,126.599998,125.43,124.529999,0.9327896037630401,-10.012963477386672,126.0
2015-07-06,124.940002,126.230003,124.849998,126.0,28060400,121.65179,-0.34799271831711387,126.6,128.23499876666668,0.8638624390789935,126.440002,126.599998,125.43,-0.12637914891593383,3.121531733490124,125.690002
2015-07-07,125.889999,126.150002,123.769997,125.690002,46946800,121.352491,-0.24603015873014833,126.40800009999998,128.00666573333334,0.8123566712123964,126.0,126.440002,126.599998,-0.34799271831711387,67.3062393978703,122.57
2015-07-08,124.480003,124.639999,122.540001,122.57,60761600,118.340158,-2.4822992683220857,125.9620002,127.7716659,1.099548455169368,125.690002,126.0,126.440002,-0.24603015873014833,29.426499782732797,120.07
2015-07-09,123.849998,124.059998,119.220001,120.07,77821600,115.926432,-2.039650811781024,125.15800010000001,127.37266613333333,1.1280738872978664,122.57,125.690002,126.0,-2.4822992683220857,28.07694333263113,123.279999
2015-07-10,121.940002,123.849998,121.209999,123.279999,61354500,119.025655,2.673439660198218,124.73600000000002,127.08933280000001,1.5425342967521223,120.07,122.57,125.690002,-2.039650811781024,-21.160063529919714,125.660004
2015-07-13,125.029999,125.760002,124.32,125.660004,41440500,121.323527,1.9305686399299749,124.6270004,126.93533296666666,1.693127939691424,123.279999,120.07,122.57,2.673439660198218,-32.45727697234921,125.610001
2015-07-14,126.040001,126.370003,125.040001,125.610001,31768100,121.27525,-0.0397922954069041,124.73500059999999,126.7709999,1.5878859950224156,125.660004,123.279999,120.07,1.9305686399299749,-23.34045197331114,126.82
2015-07-15,125.720001,127.150002,125.580002,126.82,33649200,122.443492,0.9632982966061743,124.87400059999997,126.666333,1.6001820821196957,125.610001,125.660004,123.279999,-0.0397922954069041,5.921348774399471,128.509995
2015-07-16,127.739998,128.570007,127.349998,128.509995,36222400,124.075166,1.3325934395205907,125.0650003,126.61266633333334,1.62745815521168,126.82,125.610001,125.660004,0.9632982966061743,7.6471357417115415,129.619995
2015-07-17,129.080002,129.619995,128.309998,129.619995,46164700,125.146861,0.863746045589675,125.38299959999999,126.62133279999999,1.6380637300072196,128.509995,126.82,125.610001,1.3325934395205907,27.44793277088211,132.070007
2015-07-20,130.970001,132.970001,130.699997,132.070007,58900200,127.512324,1.8901497411722756,125.99000029999999,126.73533323333332,1.6974671403979833,129.619995,128.509995,126.82,0.863746045589675,27.587095767978553,130.75
2015-07-21,132.850006,132.919998,130.320007,130.75,76756400,126.23787,-0.9994752252871497,126.49600009999999,126.83366646666667,1.7494267836629012,132.070007,129.619995,128.509995,1.8901497411722756,30.316026091592228,125.220001
2015-07-22,121.989998,125.5,121.989998,125.220001,115450600,120.898709,-4.229444741873811,126.76100019999998,126.76033323333333,2.1185858486335243,130.75,132.070007,129.619995,-0.9994752252871497,50.41169205434335,125.160004
2015-07-23,126.199997,127.089996,125.059998,125.160004,50999500,120.840782,-0.04791327225751596,127.2700006,126.6363332,1.9693985290750518,125.220001,130.75,132.070007,-4.229444741873811,-55.82569514580263,124.5
2015-07-24,125.32,125.739998,123.900002,124.5,42162300,120.203555,-0.5273282030256232,127.3920007,126.5,1.8193263123604042,125.160004,125.220001,130.75,-0.04791327225751596,-17.32801301973549,122.769997
2015-07-27,123.089996,123.610001,122.120003,122.769997,44455500,118.533253,-1.3895606425702756,127.103,126.3533333,1.7526358667205535,124.5,125.160004,125.220001,-0.5273282030256232,5.438982218711974,123.379997
2015-07-28,123.379997,123.910004,122.550003,123.379997,33618100,119.122203,0.49686406687783347,126.87999959999999,126.23533326666667,1.7668699563294814,122.769997,124.5,125.160004,-1.3895606425702756,-24.378085951119655,122.989998
2015-07-29,123.150002,123.5,122.269997,122.989998,37011700,118.745662,-0.316095809274497,126.49699939999998,126.0816666,1.7218627687955987,123.379997,122.769997,124.5,0.49686406687783347,10.094562155505526,122.370003
2015-07-30,122.32,122.57,121.709999,122.370003,33628300,118.147063,-0.5041019677063496,125.8830002,125.91733326666667,1.624440630204005,122.989998,123.379997,122.769997,-0.316095809274497,-9.14143365476322,121.300003
2015-07-31,122.599998,122.639999,120.910004,121.300003,42885000,117.113989,-0.8743972981679171,125.051001,125.69800013333334,1.5567007295413045,122.370003,122.989998,123.379997,-0.5041019677063496,27.52651784360196,118.440002
2015-08-03,121.5,122.57,117.519997,118.440002,69976000,114.352685,-2.3577913679029283,123.6880005,125.42600026666666,1.3527107525949853,121.300003,122.370003,122.989998,-0.8743972981679171,63.1712720065291,114.639999
2015-08-04,117.419998,117.699997,113.25,114.639999,124138600,110.683819,-3.2083780275518725,122.0770004,124.99366686666666,1.510203954654798,118.440002,121.300003,122.370003,-2.3577913679029283,77.40168057619756,115.400002
2015-08-05,112.949997,117.440002,112.099998,115.400002,99312600,111.417594,0.6629474935707202,121.0950005,124.6060003,1.2185354620067308,114.639999,118.440002,121.300003,-3.2083780275518725,-19.998614451911013,115.129997
2015-08-06,115.970001,116.5,114.120003,115.129997,52903000,111.66005,-0.23397313286007693,120.09199979999998,124.1733335,1.207030392526665,115.400002,114.639999,118.440002,0.6629474935707202,-46.73082770967631,115.519997
2015-08-07,114.580002,116.25,114.5,115.519997,38670400,112.038295,0.3387475116498173,119.19399949999999,123.77400006666667,1.2606570923459792,115.129997,115.400002,114.639999,-0.23397313286007693,-26.90320019658621,119.720001
2015-08-10,116.529999,119.989998,116.529999,119.720001,54951600,116.111714,3.635737629044433,118.88899989999997,123.53966676666667,1.8405543324835285,115.519997,115.129997,115.400002,0.3387475116498173,42.10248665646075,113.489998
2015-08-11,117.809998,118.18,113.330002,113.489998,97082800,110.069479,-5.203811349784404,117.9,123.17166673333334,2.3893408997072108,119.720001,115.519997,115.129997,3.635737629044433,76.66965111115964,115.239998
2015-08-12,112.529999,115.419998,109.629997,115.239998,101217500,111.766735,1.5419861052424988,117.125,122.83200000000001,2.501305215988057,113.489998,119.720001,115.519997,-5.203811349784404,4.258941851697728,115.150002
2015-08-13,116.040001,116.400002,114.540001,115.150002,48535800,111.679451,-0.0780944130179484,116.40299990000001,122.45033346666668,2.5071251720569543,115.239998,113.489998,119.720001,1.5419861052424988,-52.04801541235457,115.959999
2015-08-14,114.32,116.309998,114.010002,115.959999,42929500,112.465036,0.7034276907784909,115.8689995,122.10100003333334,2.535862856260818,115.150002,115.239998,113.489998,-0.0780944130179484,-11.550855244994418,117.160004
2015-08-17,116.040001,117.650002,115.5,117.160004,40884700,113.628873,1.034843920617834,115.7409997,121.8063335,2.473984646961155,115.959999,115.150002,115.239998,0.7034276907784909,-4.763158201236917,116.5
2015-08-18,116.43,117.440002,116.010002,116.5,34560700,112.988761,-0.5633355901899728,115.9269998,121.50000010000001,2.2319924664601025,117.160004,115.959999,115.150002,1.034843920617834,-15.467888965798938,115.010002
2015-08-19,116.099998,116.519997,114.68,115.010002,47445700,111.543671,-1.2789682403433478,115.88799979999999,121.24800016666667,2.2698336474429555,116.5,117.160004,115.959999,-0.5633355901899728,37.28223097333099,112.650002
2015-08-20,114.080002,114.349998,111.629997,112.650002,68501600,109.2548,-2.051995442970256,115.6400003,121.00066689999998,2.3607228941052214,115.010002,116.5,117.160004,-1.2789682403433478,44.37894266498334,105.760002
2015-08-21,110.43,111.900002,105.650002,105.760002,128275500,102.572461,-6.116289283332632,114.66400080000001,120.41666699999999,2.996367915215359,112.650002,115.010002,116.5,-2.051995442970256,87.25912971375851,103.120003
2015-08-24,94.870003,108.800003,92.0,103.120003,162206300,100.012029,-2.496216858997413,113.00400099999999,119.66533363333333,2.5773273833793913,105.760002,112.650002,115.010002,-6.116289283332632,26.451504769032287,103.739998
2015-08-25,111.110001,111.110001,103.5,103.739998,103601600,100.613338,0.6012364060928199,112.029001,118.93633353333333,2.27400712691357,103.120003,105.760002,112.650002,-2.496216858997413,-36.129731089359666,109.690002
2015-08-26,107.089996,109.889999,105.050003,109.690002,96774600,106.384013,5.7354965439656125,111.47400139999999,118.3653336,3.029469824034254,103.739998,103.120003,105.760002,0.6012364060928199,-6.589666568856078,112.919998
2015-08-27,112.230003,113.239998,110.019997,112.919998,84616100,109.516659,2.9446585295896055,111.251001,117.84566703333333,3.2158782825573873,109.690002,103.739998,103.120003,5.7354965439656125,-12.563730565664954,113.290001
2015-08-28,112.169998,113.309998,111.540001,113.290001,53164400,109.87551,0.32766826651908776,110.9840012,117.30133389999999,3.206998130261469,112.919998,109.690002,103.739998,2.9446585295896055,-37.16987665467919,112.760002
2015-08-31,112.029999,114.529999,112.0,112.760002,56229300,109.361485,-0.4678250466252587,110.54400100000001,116.65766706666666,3.178501132954547,113.290001,112.919998,109.690002,0.32766826651908776,5.764947972703549,107.720001
2015-09-01,110.150002,111.879997,107.360001,107.720001,76845900,104.473386,-4.469670903340361,109.66600109999999,115.89000043333334,3.4388480138503934,112.760002,113.290001,112.919998,-0.4678250466252587,36.66522613655159,112.339996
2015-09-02,110.230003,112.339996,109.129997,112.339996,61888800,108.954138,4.288892459256477,109.39900050000001,115.46066693333334,3.773998828387224,107.720001,112.760002,113.290001,-4.469670903340361,-19.46375798838975,110.370003
2015-09-03,112.489998,112.779999,110.040001,110.370003,53233900,107.043519,-1.7535989586469292,109.17100059999999,114.96766690000001,3.7586170713402764,112.339996,107.720001,112.760002,4.288892459256477,-13.984598182546758,109.269997
2015-09-04,108.970001,110.449997,108.510002,109.269997,49996300,105.976666,-0.9966530489266989,109.52200009999999,114.46000013333334,3.1543155260068363,110.370003,112.339996,107.720001,-1.7535989586469292,-6.081838828265451,112.309998
2015-09-08,111.75,112.559998,110.32,112.309998,54843600,108.925043,2.782100378386576,110.44099959999998,114.1113335,3.061400511568042,109.269997,110.370003,112.339996,-0.9966530489266989,9.695317453491548,110.150002
2015-09-09,113.760002,114.019997,109.769997,110.150002,85010800,106.830148,-1.9232446251134183,111.082,113.67033366666666,3.190085727610809,112.309998,109.269997,110.370003,2.782100378386576,55.00587124112932,112.57
2015-09-10,110.269997,113.279999,109.900002,112.57,62892800,109.177209,2.1970022297412184,111.3699998,113.3230004,2.7253113571221506,110.150002,112.309998,109.269997,-1.9232446251134183,-26.017870670550092,114.209999
2015-09-11,111.790001,114.209999,111.760002,114.209999,49915500,110.76778,1.4568703917562376,111.49899989999999,113.05100026666666,2.6022991616108033,112.57,110.150002,112.309998,2.1970022297412184,-20.633999440317496,115.309998
2015-09-14,116.580002,116.889999,114.860001,115.309998,58363400,111.834625,0.9631372118302783,111.7009996,112.85133343333334,2.615006312518658,114.209999,112.57,110.150002,1.4568703917562376,16.92440223978524,116.279999
2015-09-15,115.93,116.529999,114.419998,116.279999,43341200,112.775391,0.8412115313712887,112.05299929999998,112.77933333333333,2.610192938482292,115.309998,114.209999,112.57,0.9631372118302783,-25.73907620186624,116.410004
2015-09-16,116.25,116.540001,115.440002,116.410004,37173500,112.901478,0.11180340653424992,112.92199959999998,112.83833349999999,2.0041872488067205,116.279999,115.309998,114.209999,0.8412115313712887,-14.230570450287484,113.919998
2015-09-17,115.660004,116.489998,113.720001,113.919998,64112600,110.486519,-2.138996576273633,113.0799998,112.78900003333334,1.777723231179894,116.410004,116.279999,115.309998,0.11180340653424992,72.46855959218261,113.449997
2015-09-18,112.209999,114.300003,111.870003,113.449997,74285300,110.030684,-0.41257110977127587,113.3879992,112.73300003333333,1.664833363763672,113.919998,116.410004,116.279999,-2.138996576273633,15.866927873772084,115.209999
2015-09-21,113.669998,115.370003,113.660004,115.209999,50222000,111.73764,1.5513460084093156,113.98199939999999,112.72266676666666,1.6411775817825978,113.449997,113.919998,116.410004,-0.41257110977127587,-32.39308449989433,113.400002
2015-09-22,113.379997,114.18,112.519997,113.400002,50346200,109.982195,-1.571041589888389,114.09099979999999,112.51200013333332,1.5563712741933728,115.209999,113.449997,113.919998,1.5513460084093156,0.2473019792122999,114.32
2015-09-23,113.629997,114.720001,113.300003,114.32,35756700,110.874465,0.8112856999773266,114.50799959999999,112.53966686666666,1.3914008198515149,113.400002,115.209999,113.449997,-1.571041589888389,-28.97835387775045,115.0
2015-09-24,113.25,115.5,112.370003,115.0,50219500,111.533971,0.5948215535339418,114.7509996,112.53166693333333,1.2434333545795024,114.32,113.400002,115.209999,0.8112856999773266,40.44780418774663,114.709999
2015-09-25,116.440002,116.690002,114.019997,114.709999,56151900,111.25271,-0.25217478260869397,114.8009996,112.51700016666668,1.16994038472144,115.0,114.32,113.400002,0.5948215535339418,11.812941188183878,112.440002
2015-09-28,113.849998,114.57,112.440002,112.440002,52109000,109.05113,-1.9789007233798284,114.51400000000001,112.39966693333332,1.2795490032702894,114.709999,115.0,114.32,-0.25217478260869397,-7.199934463482094,109.059998
2015-09-29,112.830002,113.510002,107.860001,109.059998,73365400,105.772996,-3.0060511738518203,113.7919999,112.12966673333334,1.4796334172699612,112.440002,114.709999,115.0,-1.9789007233798284,40.79218561093094,110.300003
2015-09-30,110.169998,111.540001,108.730003,110.300003,66473000,106.975629,1.1369934189802589,113.1809998,111.92300016666667,1.5694576320860811,109.059998,112.440002,114.709999,-3.0060511738518203,-9.394619261940917,109.580002
2015-10-01,109.07,109.620003,107.309998,109.580002,63929100,106.277328,-0.6527660747207897,112.74700019999997,111.74200016666667,1.4668095051203895,110.300003,109.059998,112.440002,1.1369934189802589,-3.8269673401230553,110.379997
2015-10-02,108.010002,111.010002,107.550003,110.379997,58019800,107.053212,0.7300556537679359,112.44000019999999,111.66633333333334,1.5077425584401676,109.580002,110.300003,109.059998,-0.6527660747207897,-9.243521338482786,110.779999
2015-10-05,109.879997,111.370003,109.07,110.779999,52064700,107.441158,0.3623863117155235,111.9970002,111.83366656666666,1.391080843058528,110.379997,109.580002,110.300003,0.7300556537679359,-10.263909906618085,111.309998
2015-10-06,110.629997,111.739998,109.769997,111.309998,48196800,107.955183,0.478424810240341,111.7879998,112.10666640000001,1.3467921942584233,110.779999,110.379997,109.580002,0.3623863117155235,-7.42902580827317,110.779999
2015-10-07,111.739998,111.769997,109.410004,110.779999,46765600,107.441158,-0.47614680578826896,111.43399969999999,112.3413331,1.3025679417205498,111.309998,110.779999,110.379997,0.478424810240341,-2.969491750489661,109.5
2015-10-08,110.190002,110.190002,108.209999,109.5,61979600,106.199737,-1.1554423285380255,110.88399969999998,112.3349997,1.285504838412734,110.779999,111.309998,110.779999,-0.47614680578826896,32.53245975674428,112.120003
2015-10-09,110.0,112.279999,109.489998,112.120003,52766100,108.740775,2.3926968036529717,110.6250001,112.3083332,1.576947041944606,109.5,110.779999,111.309998,-1.1554423285380255,-14.86537505889034,111.599998
2015-10-12,112.730003,112.75,111.440002,111.599998,30467200,108.236443,-0.46379324481465867,110.5409997,112.25199976666667,1.4570722811779073,112.120003,109.5,110.779999,2.3926968036529717,-42.25989792688867,111.790001
2015-10-13,110.82,112.449997,110.68,111.790001,33049300,108.420719,0.1702535872805333,110.814,112.2196664,1.0277549298749589,111.599998,112.120003,109.5,-0.46379324481465867,8.475015754647618,110.209999
2015-10-14,111.290001,111.519997,109.559998,110.209999,44462400,106.888337,-1.4133661202847758,110.8049996,112.30266633333333,1.0978604053428636,111.790001,111.599998,112.120003,0.1702535872805333,34.53356046875427,111.860001
2015-10-15,110.93,112.099998,110.489998,111.860001,37673500,108.488609,1.4971436484633394,111.0329995,112.2866665,1.1648896459776563,110.209999,111.790001,111.599998,-1.4133661202847758,-15.268856382021667,111.040001
2015-10-16,111.779999,112.0,110.529999,111.040001,39232600,107.693323,-0.7330591745658865,111.0989999,112.30899976666666,1.184344311942472,111.860001,110.209999,111.790001,1.4971436484633394,4.1384527585703434,111.730003
2015-10-19,110.800003,111.75,110.110001,111.730003,29759200,108.36253,0.6213994900810427,111.1940003,112.39099996666667,1.1943387180435436,111.040001,111.860001,110.209999,-0.7330591745658865,-24.14675550435097,113.769997
2015-10-20,111.339996,114.169998,110.82,113.769997,48778800,110.341039,1.8258247070842781,111.44000019999999,112.4396666,1.3129182606040113,111.730003,111.040001,111.860001,0.6213994900810427,63.911664292050865,113.760002
2015-10-21,114.0,115.580002,113.699997,113.760002,41795200,110.331345,-0.008785268755873155,111.7380005,112.55999993333333,1.2932966253882172,113.769997,111.730003,111.040001,1.8258247070842781,-14.316875363887593,115.5
2015-10-22,114.330002,115.5,114.099998,115.5,41654100,112.018901,1.5295340800011603,112.33800049999999,112.6576666,1.2413936489120965,113.760002,113.769997,111.730003,-0.008785268755873155,-0.3375985759130229,119.080002
2015-10-23,116.699997,119.230003,116.330002,119.080002,59366900,115.491004,3.0995688311688196,113.0340004,112.82000003333334,1.3717766562099287,115.5,113.760002,113.769997,1.5295340800011603,42.52354510120253,115.279999
2015-10-26,118.080002,118.129997,114.919998,115.279999,66333800,111.80553,-3.191134477810964,113.40200049999999,112.81900006666666,1.810499543821976,119.080002,115.5,113.760002,3.0995688311688196,11.735327261487472,114.550003
2015-10-27,115.400002,116.540001,113.989998,114.550003,69884400,111.097536,-0.6332373406769398,113.67800070000001,112.76133353333333,1.8364994948674258,115.279999,119.080002,115.5,-3.191134477810964,5.352625659919985,119.269997
2015-10-28,116.93,119.300003,116.059998,119.269997,85551400,115.675272,4.120466064064621,114.5840005,112.85666663333333,2.092368458321559,114.550003,115.279999,119.080002,-0.6332373406769398,22.418451042006502,120.529999
2015-10-29,118.699997,120.690002,118.269997,120.529999,51227300,116.897299,1.0564282985602746,115.4510003,113.077,2.0809621912933234,119.269997,114.550003,115.279999,4.120466064064621,-40.12102665765843,119.5
2015-10-30,120.989998,121.220001,119.449997,119.5,49365300,115.898343,-0.854558208367695,116.2970002,113.27866676666666,2.0910349189929573,120.529999,119.269997,114.550003,1.0564282985602746,-3.6347806735861576,121.18
2015-11-02,120.800003,121.360001,119.610001,121.18,32203300,117.527709,1.4058577405857697,117.2419999,113.4776668,2.1000962869498534,119.5,120.529999,119.269997,-0.854558208367695,-34.76531085600614,122.57
2015-11-03,120.790001,123.489998,120.699997,122.57,45519000,118.875815,1.1470539693018589,118.1220002,113.78333339999999,2.0753368135999444,121.18,119.5,120.529999,1.4058577405857697,41.34886797315802,122.0
2015-11-04,123.129997,123.82,121.620003,122.0,44886100,118.322995,-0.4650403850860685,118.946,114.0393334,2.099168586431652,122.57,121.18,119.5,1.1470539693018589,-1.390408400887544,120.919998
2015-11-05,121.849998,122.690002,120.18,120.919998,39552700,117.777553,-0.8852475409836025,119.48799979999998,114.23666666666666,2.1344827809486318,122.0,122.57,121.18,-0.4650403850860685,-11.882074851680146,121.059998
2015-11-06,121.110001,121.809998,120.620003,121.059998,33042300,117.913914,0.11577902937112139,119.68599939999999,114.4483333,1.925976238378645,120.919998,122.0,122.57,-0.8852475409836025,-16.46006467320815,120.57
2015-11-09,120.959999,121.809998,120.050003,120.57,33871400,117.43665,-0.40475632586743915,120.2149995,114.71933323333333,1.5483446787001742,121.059998,120.919998,122.0,0.11577902937112139,2.5092078941235885,116.769997
2015-11-10,116.900002,118.07,116.059998,116.769997,59127900,113.735401,-3.151698598324615,120.43699889999998,114.9763332,1.908829139515958,120.57,121.059998,120.919998,-0.40475632586743915,74.56585792143224,116.110001
2015-11-11,116.370003,117.419998,115.209999,116.110001,45218000,113.092557,-0.5652102568778905,120.1209993,115.1699998,1.328808155337108,116.769997,120.57,121.059998,-3.151698598324615,-23.525104054092903,115.720001
2015-11-12,116.260002,116.82,115.650002,115.720001,32525600,112.712693,-0.3358883788141531,119.6399995,115.37466643333332,1.2458871597158714,116.110001,116.769997,120.57,-0.5652102568778905,-28.069352912556944,112.339996
2015-11-13,115.199997,115.57,112.269997,112.339996,45812400,109.420527,-2.920847710673624,118.92399909999999,115.43999973333332,1.479256868295942,115.720001,116.110001,116.769997,-0.3358883788141531,40.85028408392159,114.18
2015-11-16,111.379997,114.239998,111.0,114.18,38106700,111.212713,1.6378886109271518,118.22399909999999,115.55333309999999,1.5156915754654852,112.339996,115.720001,116.110001,-2.920847710673624,-16.820118570518027,113.690002
2015-11-17,114.919998,115.050003,113.32,113.690002,27616900,110.735449,-0.42914520931861544,117.3359993,115.63266656666666,1.39278591478515,114.18,112.339996,115.720001,1.6378886109271518,-27.527442680683446,117.290001
2015-11-18,115.760002,117.489998,115.5,117.290001,46674700,114.241891,3.1665044741577164,116.86499939999999,115.84966663333333,1.8657159010059903,113.690002,114.18,112.339996,-0.42914520931861544,69.00774525743294,118.779999
2015-11-19,117.639999,119.75,116.760002,118.779999,43295800,115.693167,1.2703538130245162,116.65099949999998,116.15899993333332,1.9241156718817494,117.290001,113.690002,114.18,3.1665044741577164,-7.239253814164847,119.300003
2015-11-20,119.199997,119.919998,118.849998,119.300003,34287100,116.199658,0.43778750999989846,116.475,116.39833326666667,1.9319539075874916,118.779999,117.290001,113.690002,1.2703538130245162,-20.807330041251117,117.75
2015-11-23,119.269997,119.730003,117.339996,117.75,32482500,114.689936,-1.2992480813265428,116.19300000000001,116.60333333333332,1.966512534314452,119.300003,118.779999,117.290001,0.43778750999989846,-5.2632039455072,118.879997
2015-11-24,117.330002,119.349998,117.120003,118.879997,42803200,115.790567,0.9596577494692227,116.404,116.83966653333333,1.6964775225232687,117.75,119.300003,118.779999,-1.2992480813265428,31.773108596936805,118.029999
2015-11-25,119.209999,119.230003,117.919998,118.029999,21388300,114.962658,-0.7150050651498541,116.59599979999999,117.1003332,1.7045503260410786,118.879997,117.75,119.300003,0.9596577494692227,-50.03107244318181,117.809998
2015-11-27,118.290001,118.410004,117.599998,117.809998,13046400,114.748374,-0.18639413866301524,116.80499950000001,117.29866643333334,1.7002003398600378,118.029999,118.879997,117.75,-0.7150050651498541,-39.002164734925174,118.300003
2015-11-30,117.989998,119.410004,117.75,118.300003,39180300,115.225646,0.41592819651861124,117.4010002,117.5406665,1.302220781729049,117.809998,118.029999,118.879997,-0.18639413866301524,200.31502943340692,117.339996
2015-12-01,118.75,118.809998,116.860001,117.339996,34852400,114.290588,-0.8115020926922623,117.71699980000001,117.72766626666666,1.3001647595269121,118.300003,117.809998,118.029999,0.41592819651861124,-11.046112459577895,116.279999
2015-12-02,117.339996,118.110001,116.080002,116.279999,33386600,113.258137,-0.9033552378849508,117.97599949999999,117.811333,1.3370638815892353,117.339996,118.300003,117.809998,-0.8115020926922623,-4.205736190334097,115.199997
2015-12-03,116.550003,116.790001,114.220001,115.199997,41569500,112.206202,-0.9287942976332508,117.76699909999998,117.85933283333334,0.8919828410153007,116.279999,117.339996,118.300003,-0.9033552378849508,24.509533765043457,119.029999
2015-12-04,115.290001,119.25,115.110001,119.029999,57777000,115.936671,3.3246546004684463,117.7919991,117.97699946666667,1.3703837042017422,115.199997,116.279999,117.339996,-0.9287942976332508,38.98892216649226,118.279999
2015-12-07,118.980003,119.860001,117.809998,118.279999,32084200,115.206161,-0.6300932590951325,117.6899987,117.95033269999999,1.3766149985812342,119.029999,115.199997,116.279999,3.3246546004684463,-44.46890631220035,118.230003
2015-12-08,117.519997,118.599998,116.860001,118.230003,34309500,115.157465,-0.042269192105770514,117.73799899999999,118.04866616666666,1.3083483928657687,118.279999,119.029999,115.199997,-0.6300932590951325,6.935812642983152,115.620003
2015-12-09,117.639999,117.690002,115.080002,115.620003,46361400,112.615293,-2.2075614765906804,117.41199959999999,118.08433283333333,1.4399490934845727,118.230003,118.279999,119.029999,-0.042269192105770514,35.12700563983737,116.169998
2015-12-10,116.040001,116.940002,115.510002,116.169998,29104200,113.150995,0.4756919094700329,117.22599949999999,117.98099953333332,1.4481257858663152,115.620003,118.230003,118.279999,-2.2075614765906804,-37.223207237054964,113.18
2015-12-11,115.190002,115.389999,112.849998,113.18,46886200,110.238701,-2.573812560451283,116.7629997,117.73599956666666,1.6391119305649007,116.169998,115.620003,118.230003,0.4756919094700329,61.097710983294505,112.480003
2015-12-14,112.18,112.68,109.790001,112.480003,64318700,109.556895,-0.6184811804205825,116.18099969999999,117.50199966666668,1.6151980166666215,113.18,116.169998,115.620003,-2.573812560451283,37.18044968455536,110.489998
2015-12-15,111.940002,112.800003,110.349998,110.489998,53323100,107.618605,-1.7692078119876942,115.49599989999999,117.14566626666668,1.6639343420271633,112.480003,113.18,116.169998,-0.6184811804205825,-17.095494778345955,111.339996
2015-12-16,111.07,111.989998,108.800003,111.339996,56238500,108.446514,0.7692985929821372,115.00199959999998,116.7713328,1.712011994988352,110.489998,112.480003,113.18,-1.7692078119876942,5.467424061991899,108.980003
2015-12-17,112.019997,112.25,108.980003,108.980003,44772800,106.147852,-2.1196273439779922,114.3800002,116.3373329,1.7909271933535822,111.339996,110.489998,112.480003,0.7692985929821372,-20.387634805337985,106.029999
2015-12-18,108.910004,109.519997,105.809998,106.029999,96453300,103.274512,-2.7069222965611317,113.0800002,115.8409996,1.2909579550955756,108.980003,111.339996,110.489998,-2.1196273439779922,115.42834042096986,107.330002
2015-12-21,107.279999,107.370003,105.57,107.330002,47590600,104.540731,1.2260709348870025,111.9850005,115.38333306666667,1.4907655324503748,106.029999,108.980003,111.339996,-2.7069222965611317,-50.65943829811941,107.230003
2015-12-22,107.400002,107.720001,106.449997,107.230003,32789400,104.443331,-0.09316966191801335,110.8850005,114.9386665,1.4873795204000926,107.330002,106.029999,108.980003,1.2260709348870025,-31.10109979701874,108.610001
2015-12-23,107.269997,108.849998,107.199997,108.610001,32657400,105.787465,1.2869513768455354,110.18400030000001,114.66666663333334,1.5703603465401363,107.230003,107.330002,106.029999,-0.09316966191801335,-0.40256912294827085,108.029999
2015-12-24,109.0,109.0,107.949997,108.029999,13570400,105.222536,-0.5340226449311869,109.37000040000001,114.39733323333333,1.5244194213807905,108.610001,107.230003,107.330002,1.2869513768455354,-58.4461714649666,106.82
2015-12-28,107.589996,107.690002,106.18,106.82,26704200,104.043982,-1.1200583275021714,108.73400039999999,114.10066653333332,1.3907341729199436,108.029999,108.610001,107.230003,-0.5340226449311869,96.78270353121499,108.739998
2015-12-29,106.959999,109.43,106.860001,108.739998,30931200,105.914084,1.7974143418835409,108.35999989999998,113.98066659999999,1.5781794564014011,106.82,108.029999,108.610001,-1.1200583275021714,15.828970723706393,107.32
2015-12-30,108.580002,108.699997,107.18,107.32,25213800,104.530989,-1.3058653909484241,108.0430001,113.75199993333332,1.5373850683148587,108.739998,106.82,108.029999,1.7974143418835409,-18.484248913718183,105.260002
2015-12-31,107.010002,107.029999,104.82,105.260002,40635300,102.524526,-1.9194912411479637,107.4350007,113.47099993333333,1.568295535054944,107.32,108.739998,106.82,-1.3058653909484241,61.16293458344239,105.349998
2016-01-04,102.610001,105.370003,102.0,105.349998,67649400,102.612183,0.08549876333843187,107.0720002,113.07299983333334,1.4751592712136652,105.260002,107.32,108.739998,-1.9194912411479637,66.47939107130992,102.709999
2016-01-05,105.75,105.849998,102.410004,102.709999,55791000,100.040792,-2.505931703956943,106.74000019999998,112.53733316666666,1.4401031540649876,105.349998,105.260002,107.32,0.08549876333843187,-17.52920203283399,100.699997
2016-01-06,100.559998,102.370003,99.870003,100.699997,68457400,98.083025,-1.9569681818417672,106.07699969999999,111.91733296666666,1.414840589223761,102.709999,105.349998,105.260002,-2.505931703956943,22.703303400190002,96.449997
2016-01-07,98.68,100.129997,96.43,96.449997,81094400,93.943473,-4.220456928116889,104.99899909999999,111.20733286666668,1.7933231001323324,100.699997,102.709999,105.349998,-1.9569681818417672,18.459655201629044,96.959999
2016-01-08,98.550003,99.110001,96.760002,96.959999,70798000,94.440222,0.5287734741971972,103.83399889999998,110.47666626666665,1.69751471524798,96.449997,100.699997,102.709999,-4.220456928116889,-12.696807671059895,98.529999
2016-01-11,98.970001,99.059998,97.339996,98.529999,49739400,95.96942,1.619224439142175,102.88399889999998,109.82666626666668,1.9034846484678207,96.959999,96.449997,100.699997,0.5287734741971972,-29.74462555439419,99.959999
2016-01-12,100.550003,100.690002,98.839996,99.959999,49154200,97.362258,1.4513346336276767,102.1979988,109.23166629999999,2.0392625794193844,98.529999,96.959999,96.449997,1.619224439142175,-1.1765320852282102,97.389999
2016-01-13,100.32,101.190002,97.300003,97.389999,62439600,94.859047,-2.57102843708511,101.0629989,108.53466616666667,1.9230691650276426,99.959999,98.529999,96.959999,1.4513346336276767,27.028005745185556,99.519997
2016-01-14,97.959999,100.480003,95.739998,99.519997,63170100,96.93369,2.1870808315749057,100.2829986,107.9406662,2.1777392547748136,97.389999,99.959999,98.529999,-2.57102843708511,1.1699306209520977,97.129997
2016-01-15,96.199997,97.709999,95.360001,97.129997,79010000,94.605802,-2.401527403583026,99.4699981,107.3023328,2.212053433664527,99.519997,97.389999,99.959999,2.1870808315749057,25.074995923704414,96.660004
2016-01-19,98.410004,98.650002,95.5,96.660004,53087700,94.148022,-0.483880381464441,98.60099869999999,106.68433303333333,2.194605126553388,97.129997,99.519997,97.389999,-2.401527403583026,-32.80888495127199,96.790001
2016-01-20,95.099998,98.190002,93.419998,96.790001,72334400,94.274641,0.13448892470562246,98.0089989,105.94299976666666,2.1291397220249646,96.660004,97.129997,99.519997,-0.483880381464441,36.254537303367826,96.300003
2016-01-21,97.059998,97.879997,94.940002,96.300003,52161500,93.797377,-0.506248574168322,97.56899949999999,105.21033323333334,2.0729155086880295,96.790001,96.660004,97.129997,0.13448892470562246,-27.888390585945277,101.419998
2016-01-22,98.629997,101.459999,98.370003,101.419998,65800500,98.784315,5.316713230008929,98.0659996,104.64999973333333,2.3132989983971215,96.300003,96.790001,96.660004,-0.506248574168322,26.147637625451715,99.440002
2016-01-25,101.519997,101.529999,99.209999,99.440002,51794500,96.855775,-1.9522737517703392,98.3139999,104.11066636666666,2.442581799821515,101.419998,96.300003,96.790001,5.316713230008929,-21.28555254139406,99.989998
2016-01-26,99.93,100.879997,98.07,99.989998,75077000,97.391477,0.5530933114824332,98.4599998,103.57133303333332,2.4005078801451933,99.440002,101.419998,96.300003,-1.9522737517703392,44.95168405911825,93.419998
2016-01-27,96.040001,96.629997,93.339996,93.419998,133369700,90.992218,-6.570657197132846,97.8059997,102.9126663,3.1493539784616065,99.989998,99.440002,101.419998,0.5530933114824332,77.64388561077294,94.089996
2016-01-28,93.790001,94.519997,92.389999,94.089996,55678800,91.644804,0.7171890541038062,97.4759994,102.29966606666666,3.095304247690058,93.419998,99.989998,99.440002,-6.570657197132846,-58.25228668880562,97.339996
2016-01-29,94.790001,97.339996,94.349998,97.339996,64416500,94.810344,3.4541398003673063,97.2579993,101.86133266666666,3.231393786682999,94.089996,93.419998,99.989998,0.7171890541038062,15.693046545543377,96.43
2016-02-01,96.470001,96.709999,95.400002,96.43,40943500,93.923996,-0.9348634039393122,97.1879996,101.3643328,3.1513449070495194,97.339996,94.089996,93.419998,3.4541398003673063,-36.439421576769924,94.480003
2016-02-02,95.419998,96.040001,94.279999,94.480003,37357200,92.024676,-2.0221891527533065,96.9699995,100.88099946666667,3.213054377289547,96.43,97.339996,94.089996,-0.9348634039393122,-8.759143698022886,96.349998
2016-02-03,95.0,96.839996,94.080002,96.349998,45964300,93.846074,1.9792495137833654,96.92599919999999,100.55833276666667,3.2853296917909534,94.480003,96.43,97.339996,-2.0221891527533065,23.040002998083374,96.599998
2016-02-04,95.860001,97.330002,95.190002,96.599998,46471700,94.600127,0.25947068519918126,96.9559987,100.20066596666668,3.2810515790105232,96.349998,94.480003,96.43,1.9792495137833654,1.1039002008080168,94.019997
2016-02-05,96.519997,96.919998,93.690002,94.019997,46418100,92.073538,-2.6708085439090756,96.21599859999999,99.76033243333333,2.8018093880430706,96.599998,96.349998,94.480003,0.25947068519918126,-0.11533901277551717,95.010002
2016-02-08,93.129997,95.699997,93.040001,95.010002,54021400,93.043048,1.0529728053490617,95.7729986,99.30699913333333,2.8159384217550745,94.019997,96.599998,96.349998,-2.6708085439090756,16.38003278893363,94.989998
2016-02-09,94.290001,95.940002,93.93,94.989998,44331200,93.023458,-0.021054625385652503,95.2729986,98.87233243333334,2.799739782182058,95.010002,94.019997,96.599998,1.0529728053490617,-17.937706168296263,94.269997
2016-02-10,95.919998,96.349998,94.099998,94.269997,42343600,92.318363,-0.7579755923355136,95.3579985,98.453999,1.828746178203063,94.989998,95.010002,94.019997,-0.021054625385652503,-4.4835240192009245,93.699997
2016-02-11,93.790001,94.720001,92.589996,93.699997,50074700,91.760163,-0.6046462481589021,95.3189986,97.95266563333332,1.8274004449103567,94.269997,94.989998,95.010002,-0.7579755923355136,18.258013017315488,93.989998
2016-02-12,94.190002,94.5,93.010002,93.989998,40351400,92.04416,0.30949947629135277,94.9839988,97.50833223333333,1.3769230665771313,93.699997,94.269997,94.989998,-0.6046462481589021,-19.417590120360185,96.639999
2016-02-16,95.019997,96.849998,94.610001,96.639999,49057900,94.6393,2.81945000147783,95.0049987,97.2209988,1.6762987286226105,93.989998,93.699997,94.269997,0.30949947629135277,21.576698701903773,98.120003
2016-02-17,96.669998,98.209999,96.150002,98.120003,44863200,96.088664,1.5314611085623042,95.36899869999999,96.97999896666667,1.5648432426302628,96.639999,93.989998,93.699997,2.81945000147783,-8.550508684635904,96.260002
2016-02-18,98.839996,98.889999,96.089996,96.260002,39021000,94.26717,-1.8956389554941167,95.3599991,96.76499906666666,1.6067122805497902,98.120003,96.639999,93.989998,1.5314611085623042,-13.022254319798854,96.040001
2016-02-19,96.0,96.760002,95.800003,96.040001,35374200,94.051723,-0.22854871746210703,95.30399939999998,96.60966586666667,1.6054432030979542,96.260002,98.120003,96.639999,-1.8956389554941167,-9.345736910894132,96.879997
2016-02-22,96.309998,96.900002,95.919998,96.879997,34280800,94.874329,0.8746313944749007,95.58999939999998,96.6239992,1.3292315789693454,96.040001,96.260002,98.120003,-0.22854871746210703,-3.0909532936433948,94.690002
2016-02-23,96.400002,96.5,94.550003,94.690002,31942600,92.729673,-2.2605233978279293,95.5579994,96.54833263333333,1.5219217166413548,96.879997,96.040001,96.260002,0.8746313944749007,-6.820727637628055,96.099998
2016-02-24,93.980003,96.379997,93.32,96.099998,36255700,94.110479,1.489065339759943,95.66899939999999,96.46733259999999,1.5953234927509572,94.690002,96.879997,96.040001,-2.2605233978279293,13.502657892594838,96.760002
2016-02-25,96.050003,96.760002,95.25,96.760002,27582700,94.756818,0.6867887759997693,95.9179999,96.36066603333333,1.5714467219865875,96.099998,94.690002,96.879997,1.489065339759943,-23.921755751509423,96.910004
2016-02-26,97.199997,98.019997,96.580002,96.910004,28991100,94.903715,0.15502480043354527,96.2390006,96.34466620000002,1.5424451710087896,96.760002,96.099998,94.690002,0.6867887759997693,5.106099112849716,96.690002
2016-02-29,96.860001,98.230003,96.650002,96.690002,35216300,94.688268,-0.2270168103594261,96.509001,96.25033303333333,1.5532310709433588,96.910004,96.760002,96.099998,0.15502480043354527,21.472796823852836,100.529999
2016-03-01,97.650002,100.769997,97.419998,100.529999,50407100,98.448766,3.971451981146923,96.898001,96.36366643333332,1.7865144198777916,96.690002,96.910004,96.760002,-0.2270168103594261,43.13570704474916,100.75
2016-03-02,100.510002,100.889999,99.639999,100.75,33169600,98.664213,0.21884114412453748,97.1610007,96.49999963333333,1.7426163605163785,100.529999,96.690002,96.910004,3.971451981146923,-34.19657151472709,101.5
2016-03-03,100.580002,101.709999,100.449997,101.5,36955700,99.398686,0.7444168734491274,97.6850005,96.6569996,1.5678755263100388,100.75,100.529999,96.690002,0.21884114412453748,11.414367372533896,103.010002
2016-03-04,102.370003,103.75,101.370003,103.010002,46055100,100.877427,1.4876866995073845,98.3820006,96.88066623333333,1.5680389917060795,101.5,100.75,100.529999,0.7444168734491274,24.62245336984552,101.870003
2016-03-07,102.389999,102.830002,100.959999,101.870003,35828900,99.761029,-1.1066876787362845,98.88100119999999,96.8956664,1.6675131356160207,103.010002,101.5,100.75,1.4876866995073845,-22.204272708125707,101.029999
2016-03-08,100.779999,101.760002,100.400002,101.029999,31561900,98.938415,-0.8245842497913713,99.51500089999999,96.9486663,1.4494276965048143,101.870003,103.010002,101.5,-1.1066876787362845,-11.909380416367787,101.120003
2016-03-09,101.309998,101.580002,100.269997,101.120003,27201700,99.026556,0.08908641085900726,100.0170014,96.98633313333333,1.427848461511669,101.029999,101.870003,103.010002,-0.8245842497913713,-13.8147576666804,101.169998
2016-03-10,101.410004,102.239998,100.150002,101.169998,33513600,99.075516,0.04944125644459341,100.458001,97.24466646666666,1.433763911143348,101.120003,101.029999,101.870003,0.08908641085900726,23.204064451854123,102.260002
2016-03-11,102.239998,102.279999,101.5,102.260002,27408200,100.142954,1.0773984595709774,100.99300079999999,97.517,1.4419128817210167,101.169998,101.120003,101.029999,0.04944125644459341,-18.21767879308699,102.519997
2016-03-14,101.910004,102.910004,101.779999,102.519997,25076100,100.397566,0.25424896823296184,101.5760003,97.6896667,1.4210515856893264,102.260002,101.169998,101.120003,1.0773984595709774,-8.508767449157551,104.580002
2016-03-15,103.959999,105.18,103.849998,104.580002,40067700,102.414924,2.009368962427871,101.98100059999999,97.96133343333332,0.9657442346556562,102.519997,102.260002,101.169998,0.25424896823296184,59.78441623697466,105.970001
2016-03-16,104.610001,106.309998,104.589996,105.970001,38303500,103.776147,1.3291250462970972,102.50300069999999,98.34433336666667,1.0056127502851173,104.580002,102.519997,102.260002,2.009368962427871,-4.403047841528219,105.800003
2016-03-17,105.519997,106.470001,104.959999,105.800003,34420700,103.609668,-0.16042087231837865,102.93300099999999,98.65933353333334,1.0228322388684532,105.970001,104.580002,102.519997,1.3291250462970972,-10.136932656284669,105.919998
2016-03-18,106.339996,106.5,105.190002,105.919998,44205200,103.727179,0.11341682098062744,103.2240006,98.97000019999999,0.9534807771786076,105.800003,105.970001,104.580002,-0.16042087231837865,28.426208647703266,105.910004
2016-03-21,105.93,107.650002,105.139999,105.910004,35502700,103.717391,-0.009435423138892673,103.62800069999999,99.36633376666667,0.8310591930946242,105.919998,105.800003,105.970001,0.11341682098062744,-19.686597956801467,106.720001
2016-03-22,105.25,107.290001,105.209999,106.720001,32444400,104.51062,0.7647974406647995,104.19700089999999,99.75666706666667,0.7164566696764301,105.910004,105.919998,105.800003,-0.009435423138892673,-8.614274407298595,106.129997
2016-03-23,106.480003,107.07,105.900002,106.129997,25703500,103.93283,-0.5528523186576706,104.69800029999999,100.12800036666665,0.787726043023862,106.720001,105.910004,105.919998,0.7647974406647995,-20.77677503667813,105.669998
2016-03-24,105.470001,106.25,104.889999,105.669998,26133000,103.482354,-0.433429768211524,105.14800029999999,100.5080004,0.8311651215588715,106.129997,106.720001,105.910004,-0.5528523186576706,1.670978660493705,105.190002
2016-03-28,106.0,106.190002,105.059998,105.190002,19411400,103.012296,-0.4542405688320317,105.4410003,100.89100056666666,0.841554954200456,105.669998,106.129997,106.720001,-0.433429768211524,-25.720736233880537,107.68
2016-03-29,104.889999,107.790001,104.879997,107.68,31190100,105.450744,2.3671432195618847,105.95700059999999,101.34733396666667,1.0675727951755623,105.190002,105.669998,106.129997,-0.4542405688320317,60.6792915503261,109.559998
2016-03-30,108.650002,110.419998,108.599998,109.559998,45601100,107.291821,1.7459119613669971,106.4550002,101.7780006,1.0286543680141091,107.68,105.190002,105.669998,2.3671432195618847,46.20376337363459,108.989998
2016-03-31,109.720001,109.900002,108.879997,108.989998,25888400,106.733621,-0.5202628791577735,106.75699990000001,102.14033376666666,1.0234676327289507,109.559998,107.68,105.190002,1.7459119613669971,-43.22856246888781,109.989998
2016-04-01,108.779999,110.0,108.199997,109.989998,25874000,107.712919,0.9175153852191142,107.1759994,102.5980003,1.02797341518738,108.989998,109.559998,107.68,-0.5202628791577735,-0.055623367994928063,111.120003
2016-04-04,110.419998,112.190002,110.269997,111.120003,37356200,108.81953,1.0273706887420797,107.69599989999999,103.10066703333334,1.0408184244519862,109.989998,108.989998,109.559998,0.9175153852191142,44.377367241246034,109.809998
2016-04-05,109.510002,110.730003,109.419998,109.809998,26578700,107.536645,-1.1789101553570047,108.0859993,103.53166706666667,1.1613057460708929,111.120003,109.989998,108.989998,1.0273706887420797,-28.850632558986188,110.959999
2016-04-06,110.230003,110.980003,109.199997,110.959999,26404100,108.662839,1.0472643847967422,108.5099991,104.0740003,1.1753713621714101,109.809998,111.120003,109.989998,-1.1789101553570047,-0.6569170049701478,108.540001
2016-04-07,109.949997,110.419998,108.120003,108.540001,31801900,106.292941,-2.1809643311189952,108.75099949999999,104.48866706666668,1.4106981834390386,110.959999,109.809998,111.120003,1.0472643847967422,20.44303725557772,108.660004
2016-04-08,108.910004,109.769997,108.169998,108.660004,23581700,106.410459,0.11056108245290908,109.05000009999999,104.8853338,1.3924833710886388,108.540001,110.959999,109.809998,-2.1809643311189952,-25.848141148799286,109.019997
2016-04-11,108.970001,110.610001,108.830002,109.019997,29407500,106.762999,0.33130221493458123,109.43299959999999,105.28900023333333,1.3678904086903587,108.660004,108.540001,110.959999,0.11056108245290908,24.70474986960227,110.440002
2016-04-12,109.339996,110.5,108.660004,110.440002,27232300,108.153607,1.3025179224688488,109.70899979999999,105.74733356666667,1.2293061443364597,109.019997,108.660004,108.540001,0.33130221493458123,-7.396752529116723,112.040001
2016-04-13,110.800003,112.339996,110.800003,112.040001,33257300,109.720482,1.4487495210295132,109.9570001,106.13100030000001,1.1924410048939593,110.440002,109.019997,108.660004,1.3025179224688488,22.12446249490494,112.099998
2016-04-14,111.620003,112.389999,111.330002,112.099998,25473900,109.779237,0.05354962465593527,110.2680001,106.50933356666668,1.1658074884093472,112.040001,110.440002,109.019997,1.4487495210295132,-23.40358357413259,109.849998
2016-04-15,112.110001,112.300003,109.730003,109.849998,46939000,107.575818,-2.0071365210907466,110.25400009999998,106.78766683333333,1.343600328449064,112.099998,112.040001,110.440002,0.05354962465593527,84.26310851498985,107.480003
2016-04-18,108.889999,108.949997,106.940002,107.480003,60834000,105.254888,-2.1574829705504395,109.8900001,106.93666686666667,1.4454204615802002,109.849998,112.099998,112.040001,-2.0071365210907466,29.602249728370865,106.910004
2016-04-19,107.879997,108.0,106.230003,106.910004,32384900,104.696689,-0.5303302792055153,109.60000069999998,107.1046669,1.4170223908474309,107.480003,109.849998,112.099998,-2.1574829705504395,-46.765131341026404,107.129997
2016-04-20,106.639999,108.089996,106.059998,107.129997,30611000,104.912128,0.20577400782813005,109.2170005,107.30800016666666,1.3544905265262066,106.910004,107.480003,109.849998,-0.5303302792055153,-5.477552810105946,105.970001
2016-04-21,106.93,106.93,105.519997,105.970001,31552500,103.776147,-1.0827928987994007,108.9600005,107.46966676666666,1.2274158677378555,107.129997,106.910004,107.480003,0.20577400782813005,3.075691744797626,105.68
2016-04-22,105.010002,106.480003,104.620003,105.68,33683100,103.492149,-0.2736632983517562,108.6620001,107.62000016666667,1.2214820656634653,105.970001,107.129997,106.910004,-1.0827928987994007,6.752555265034466,105.080002
2016-04-25,105.0,105.650002,104.510002,105.080002,28031600,102.904573,-0.5677498107494405,108.26800059999998,107.71400016666666,1.2052070635346797,105.68,105.970001,107.129997,-0.2736632983517562,-16.778443789318676,104.349998
2016-04-26,103.910004,105.300003,103.910004,104.349998,56016200,102.189682,-0.6947125867013182,107.6590002,107.77500020000001,1.055065514516743,105.080002,105.68,105.970001,-0.5677498107494405,99.83233208236419,97.82
2016-04-27,96.0,98.709999,95.68,97.82,114602100,95.794871,-6.257784499430475,106.23700009999997,107.5496668,1.9002965810215244,104.349998,105.080002,105.68,-0.6947125867013182,104.58742292408267,94.830002
2016-04-28,97.610001,97.879997,94.25,94.830002,82242700,92.866774,-3.056632590472297,104.5100005,107.1783335,1.9029860111642125,97.82,104.349998,105.080002,-6.257784499430475,-28.23630631550381,93.739998
2016-04-29,93.989998,94.720001,92.510002,93.739998,68531500,91.799336,-1.1494294811888683,102.89900049999999,106.77633333333333,1.9040415362463492,94.830002,97.82,104.349998,-3.056632590472297,-16.67163164633457,93.639999
2016-05-02,93.970001,94.080002,92.400002,93.639999,48160100,91.701408,-0.10667698115376378,101.5150001,106.36700003333334,1.942178417706038,93.739998,94.830002,97.82,-1.1494294811888683,-29.725600636203787,95.18
2016-05-03,94.199997,95.739998,93.68,95.18,56831300,93.209527,1.6445974118389328,100.3419997,106.00933323333332,2.154512740144164,93.639999,93.739998,94.830002,-0.10667698115376378,18.004946003019096,94.190002
2016-05-04,95.199997,95.900002,93.82,94.190002,41025500,92.240024,-1.0401323807522567,99.0480002,105.59166660000001,2.103862752952849,95.18,93.639999,93.739998,1.6445974118389328,-27.811786814660234,93.239998
2016-05-05,94.0,94.07,92.68,93.239998,35890500,91.865625,-1.0086038643464579,97.77499989999998,105.16199996666667,2.1046818366502196,94.190002,95.18,93.639999,-1.0401323807522567,-12.516605525831492,92.720001
2016-05-06,93.370003,93.449997,91.849998,92.720001,43458200,91.353293,-0.5576973521599693,96.47899999999998,104.7303334,2.0919034376504366,93.239998,94.190002,95.18,-1.0086038643464579,21.08552402446331,92.790001
2016-05-09,93.0,93.769997,92.589996,92.790001,32936400,91.422261,0.07549611652830635,95.2499999,104.31700003333334,2.1258349120998608,92.720001,93.239998,94.190002,-0.5576973521599693,-24.211311098941046,93.419998
2016-05-10,93.330002,93.57,92.110001,93.419998,33686800,92.042972,0.6789492329027924,94.15699989999999,103.84166663333332,2.206068643077828,92.790001,92.720001,93.239998,0.07549611652830635,2.278330357901903,92.510002
2016-05-11,93.480003,93.57,92.459999,92.510002,28719100,91.146389,-0.9740912218816455,93.6260001,103.27333343333333,1.2555359140699929,93.419998,92.790001,92.720001,0.6789492329027924,-14.74672572046024,90.339996
2016-05-12,92.720001,92.779999,89.470001,90.339996,76314700,89.00837,-2.345698792655959,93.1769995,102.6516667,1.1094191035538004,92.510002,93.419998,92.790001,-0.9740912218816455,165.72803465289653,90.519997
2016-05-13,90.0,91.669998,90.0,90.519997,44392800,89.185717,0.19924840377456565,92.8549994,102.00266666666667,1.1007138128238625,90.339996,92.510002,93.419998,-2.345698792655959,-41.82929370095145,93.879997
2016-05-16,92.389999,94.389999,91.650002,93.879997,61259800,92.49619,3.711886998847347,92.8789992,101.4279998,1.6942968150039674,90.519997,90.339996,92.510002,0.19924840377456565,37.99490007388586,93.489998
2016-05-17,94.550003,94.699997,93.010002,93.489998,46916900,92.111939,-0.41542289354781214,92.709999,100.8839998,1.5999122642028978,93.879997,90.519997,90.339996,3.711886998847347,-23.413233474480823,94.559998
2016-05-18,94.160004,95.209999,93.889999,94.559998,42062400,93.166167,1.1445074584342185,92.7469986,100.33733310000001,1.61659965882077,93.489998,93.879997,90.519997,-0.41542289354781214,-10.347017812344806,94.199997
2016-05-19,94.639999,94.639999,93.57,94.199997,30442100,92.811473,-0.3807117254803649,92.8429985,99.85933296666666,1.5827163354646752,94.559998,93.489998,93.879997,1.1445074584342185,-27.626336110160143,95.220001
2016-05-20,94.639999,95.43,94.519997,95.220001,32026000,93.816442,1.0828068285394954,93.0929985,99.41133286666667,1.590400451422634,94.199997,94.559998,93.489998,-0.3807117254803649,5.2029919092309695,96.43
2016-05-23,95.870003,97.190002,95.669998,96.43,38018600,95.008606,1.2707403773289272,93.4569984,98.99166629999999,1.6181866165462744,95.220001,94.199997,94.559998,1.0828068285394954,18.711671766689577,97.900002
2016-05-24,97.220001,98.089996,96.839996,97.900002,35140200,96.456939,1.5244239344602173,93.90499879999999,98.5736663,1.6561831439195072,96.43,95.220001,94.199997,1.2707403773289272,-7.571031021657815,99.620003
2016-05-25,98.669998,99.739998,98.110001,99.620003,38168800,98.151587,1.7568957761614712,94.6159989,98.15966636666667,1.6140726306252684,97.900002,96.43,95.220001,1.5244239344602173,8.618619131365213,100.410004
2016-05-26,99.68,100.730003,98.639999,100.410004,56331200,98.929943,0.7930144310475562,95.6229997,97.76999989999999,1.1948902803242911,99.620003,97.900002,96.43,1.7568957761614712,47.584414495608975,100.349998
2016-05-27,99.440002,100.470001,99.25,100.349998,36229500,98.870823,-0.059760977601397425,96.60599979999999,97.45333323333332,1.2184076463162763,100.410004,99.620003,97.900002,0.7930144310475562,-35.68484250291135,99.860001
2016-05-31,99.599998,100.400002,98.82,99.860001,42307200,98.388047,-0.48828800175960696,97.2040002,97.19933316666668,0.8703148970183335,100.349998,100.410004,99.620003,-0.059760977601397425,16.77555583157371,98.459999
2016-06-01,99.019997,99.540001,98.330002,98.459999,29173300,97.008682,-1.401964736611605,97.7010003,96.91766633333332,1.0403798264762711,99.860001,100.349998,100.410004,-0.48828800175960696,-31.044124877089473,97.720001
2016-06-02,97.599998,97.839996,96.629997,97.720001,40191600,96.279592,-0.7515722196990926,98.01700059999999,96.60399979999998,1.0865176580604283,98.459999,99.860001,100.349998,-1.401964736611605,37.768438949313236,97.919998
2016-06-03,97.790001,98.269997,97.449997,97.919998,28062900,96.476641,0.20466332168787016,98.3890007,96.33566636666666,1.059123359334437,97.720001,98.459999,99.860001,-0.7515722196990926,-30.177201206222193,98.629997
2016-06-06,97.989998,101.889999,97.550003,98.629997,23292500,97.176174,0.7250806929142151,98.7300003,96.10066626666665,1.0390912981220315,97.919998,97.720001,98.459999,0.20466332168787016,-16.998955916886704,99.029999
2016-06-07,99.25,99.870003,98.959999,99.029999,22409500,97.57028,0.4055581589442747,98.9900002,95.8989995,0.9894183633879553,98.629997,97.919998,97.720001,0.7250806929142151,-3.7909198239776787,98.940002
2016-06-08,99.019997,99.559998,98.68,98.940002,20848100,97.48161,-0.09087852257778639,99.0940002,95.7186663,0.8887489795459149,99.029999,98.629997,97.919998,0.4055581589442747,-6.96758071353667,99.650002
2016-06-09,98.5,99.989998,98.459999,99.650002,26601400,98.181144,0.7176066157750682,99.09700009999999,95.77966636666666,0.7192799827910189,98.940002,99.029999,98.629997,-0.09087852257778639,27.596279756908302,98.830002
2016-06-10,98.529999,99.349998,98.480003,98.830002,31712900,97.373231,-0.8228800637655853,98.9389999,95.9129997,0.7040121681660493,99.650002,98.940002,99.029999,0.7176066157750682,19.21515408963439,97.339996
2016-06-13,98.690002,99.120003,97.099998,97.339996,38020500,95.905188,-1.507645421276016,98.6379997,96.03299963333333,0.8211130199402261,98.830002,99.650002,98.940002,-0.8228800637655853,19.88969788319579,97.459999
2016-06-14,97.32,98.480003,96.75,97.459999,31931900,96.023422,0.12328231449689753,98.3979995,96.16033296666666,0.8283595131563692,97.339996,98.830002,99.650002,-1.507645421276016,-16.01399245144067,97.139999
2016-06-15,97.82,98.410004,97.029999,97.139999,29445200,95.708139,-0.32833983509480413,98.26599949999999,96.22566626666666,0.7240105697115997,97.459999,97.339996,98.830002,0.12328231449689753,-7.787510295347289,97.550003
2016-06-16,96.449997,97.75,96.07,97.550003,31326800,96.1121,0.4220753595025162,98.24899969999998,96.3376663,0.7074452965977994,97.139999,97.459999,97.339996,-0.32833983509480413,6.390175648322982,95.330002
2016-06-17,96.620003,96.650002,95.300003,95.330002,61008200,93.924821,-2.2757569776804765,97.9900001,96.4073331,0.9972795426571378,97.550003,97.139999,97.459999,0.4220753595025162,94.74762822886473,95.099998
2016-06-20,96.0,96.57,95.029999,95.099998,34411900,93.698208,-0.24127136806311178,97.6370002,96.48666633333332,0.9358013000053831,95.330002,97.550003,97.139999,-2.2757569776804765,-43.59463154133378,95.910004
2016-06-21,94.940002,96.349998,94.68,95.910004,35546400,94.496274,0.8517413428336784,97.32500069999999,96.59066643333334,0.985657722557456,95.099998,95.330002,97.550003,-0.24127136806311178,3.2968246449629257,95.550003
2016-06-22,96.25,96.889999,95.349998,95.550003,29219100,94.14158,-0.3753529193888827,96.9860008,96.6616666,0.9825642307464543,95.910004,95.099998,95.330002,0.8517413428336784,-17.80011477955573,96.099998
2016-06-23,95.940002,96.290001,95.25,96.099998,32240200,94.683468,0.5756096103942454,96.63100039999999,96.78133313333335,0.9664164823760234,95.550003,95.910004,95.099998,-0.3753529193888827,10.339469730416063,93.400002
2016-06-24,92.910004,94.660004,92.650002,93.400002,75311400,92.02327,-2.809569257223088,96.0880004,96.88333333333334,1.2385301878256456,96.099998,95.550003,95.910004,0.5756096103942454,133.59470474748915,92.040001
2016-06-27,93.0,93.050003,91.5,92.040001,45489600,90.683316,-1.4561038232097645,95.5580009,96.93400013333333,1.2342320756754555,93.400002,96.099998,95.550003,-2.809569257223088,-39.597989149053134,93.589996
2016-06-28,92.900002,93.660004,92.139999,93.589996,40444900,92.210464,1.6840449621464026,95.1710006,96.92433343333333,1.4145388390019547,92.040001,93.400002,96.099998,-1.4561038232097645,-11.089787555836939,94.400002
2016-06-29,93.970001,94.550003,93.629997,94.400002,36531000,93.00853,0.8654835288164797,94.8970009,96.95466689999999,1.4701032751499057,93.589996,92.040001,93.400002,1.6840449621464026,-9.677116274239772,95.599998
2016-06-30,94.440002,95.769997,94.300003,95.599998,35836400,94.190838,1.2711821764580078,94.7020004,96.98933356666666,1.5378572784659426,94.400002,93.589996,92.040001,0.8654835288164797,-1.9013988119679137,95.889999
2016-07-01,95.489998,96.470001,95.330002,95.889999,26026500,94.476565,0.3033483327060438,94.75800009999999,97.04566696666666,1.3547460412109307,95.599998,94.400002,93.589996,1.2711821764580078,-27.374122400687572,94.989998
2016-07-05,95.389999,95.400002,94.459999,94.989998,27705200,93.589829,-0.9385765036873162,94.74700010000001,97.0380002,1.3898615913916703,95.889999,95.599998,94.400002,0.3033483327060438,6.449964459301105,95.529999
2016-07-06,94.599998,95.660004,94.370003,95.529999,30949100,94.12187,0.5684819574372391,94.7089996,97.00800016666666,1.3732979308157034,94.989998,95.889999,95.599998,-0.9385765036873162,11.708632314511359,95.940002
2016-07-07,95.699997,96.5,95.620003,95.940002,25139600,94.525831,0.4291876942236872,94.7479995,96.94266683333333,1.3744584270903075,95.529999,94.989998,95.889999,0.5684819574372391,-18.771143587374105,96.68
2016-07-08,96.489998,96.889999,96.050003,96.68,28912100,95.254921,0.771313304746446,94.8059997,96.84466673333333,1.3841440055102818,95.940002,95.529999,94.989998,0.4291876942236872,15.006205349329349,96.980003
2016-07-11,96.75,97.650002,96.730003,96.980003,23794900,95.550502,0.3103051303268378,95.1639998,96.73033336666667,0.9452895358371279,96.68,95.940002,95.529999,0.771313304746446,-17.69916401783337,97.419998
2016-07-12,97.169998,97.699997,97.120003,97.419998,24167500,95.984011,0.45369662444743053,95.70199949999999,96.6326667,0.6918783266923135,96.980003,96.68,95.940002,0.3103051303268378,1.5658817645798129,96.870003
2016-07-13,97.410004,97.669998,96.839996,96.870003,25892200,95.442123,-0.5645606767514133,96.03000019999999,96.5330001,0.6546478853022113,97.419998,96.980003,96.68,0.45369662444743053,7.136443570911344,98.790001
2016-07-14,97.389999,98.989998,97.32,98.790001,38919000,97.33382,1.9820356565902086,96.46900009999999,96.54400016666665,0.8257624867012288,96.870003,97.419998,96.980003,-0.5645606767514133,50.311676875661405,98.779999
2016-07-15,98.919998,99.300003,98.5,98.779999,30137000,97.323965,-0.010124506426512081,96.7870002,96.57933343333335,0.7840278738151093,98.790001,96.870003,97.419998,1.9820356565902086,-22.56481410108173,99.830002
2016-07-18,98.699997,100.129997,98.599998,99.830002,36493900,98.358491,1.0629712600017216,97.18100050000001,96.64300023333332,0.817200868738115,98.779999,98.790001,96.870003,-0.010124506426512081,21.09334041211799,99.870003
2016-07-19,99.559998,100.0,99.339996,99.870003,23779900,98.397902,0.04006911669700575,97.66900100000001,96.68433376666665,0.68634897696784,99.830002,98.779999,98.790001,1.0629712600017216,-34.83869907025557,99.959999
2016-07-20,100.0,100.459999,99.739998,99.959999,26276000,98.486572,0.09011314438429618,98.11200099999999,96.71533376666666,0.6979539900944877,99.870003,99.830002,98.779999,0.04006911669700575,10.496679969217704,99.43
2016-07-21,99.830002,101.0,99.129997,99.43,32702000,97.964385,-0.5302110897379975,98.4610008,96.73166703333332,0.764857826683303,99.959999,99.870003,99.830002,0.09011314438429618,24.455777135028157,98.660004
2016-07-22,99.260002,99.300003,98.309998,98.660004,28313700,97.205739,-0.7744101377853863,98.65900119999999,96.6986671,0.826342863847676,99.43,99.959999,99.870003,-0.5302110897379975,-13.419056938413554,97.339996
2016-07-25,98.25,98.839996,96.919998,97.339996,40382900,95.905188,-1.3379362928061522,98.6950005,96.64900023333333,0.9572376012729947,98.660004,99.43,99.959999,-0.7744101377853863,42.62671427612781,96.669998
2016-07-26,96.82,97.970001,96.419998,96.669998,56239800,95.245066,-0.6883069935609942,98.62000049999999,96.62666696666666,0.9705818800654433,97.339996,98.660004,99.43,-1.3379362928061522,39.26637264782866,102.949997
2016-07-27,104.269997,104.349998,102.75,102.949997,92344800,101.432497,6.496326812792508,99.2279999,96.80966689999998,2.270770340433354,96.669998,97.339996,98.660004,-0.6883069935609942,64.19830795984338,104.339996
2016-07-28,102.830002,104.449997,102.82,104.339996,39869800,102.802007,1.350169053428929,99.7829994,97.0496668,2.237611741565328,102.949997,96.669998,97.339996,6.496326812792508,-56.82507298732576,104.209999
2016-07-29,104.190002,104.550003,103.68,104.209999,27733700,102.673926,-0.1245898073448326,100.32599939999999,97.27166666666668,2.2411982512491266,104.339996,102.949997,96.669998,1.350169053428929,-30.43933001921254,106.050003
2016-08-01,104.410004,106.150002,104.410004,106.050003,38167900,104.486808,1.7656693385056155,100.9479995,97.62900003333333,2.2696115095474347,104.209999,104.339996,102.949997,-0.1245898073448326,37.62281989060241,104.480003
2016-08-02,106.050003,106.07,104.0,104.480003,33816600,102.93995,-1.48043371578217,101.4089995,97.94166686666668,2.362460134209184,106.050003,104.209999,104.339996,1.7656693385056155,-11.400417628425984,105.790001
2016-08-03,104.809998,105.839996,104.769997,105.790001,30202600,104.230638,1.2538265336764942,101.9919997,98.2710001,2.3699544355468207,104.480003,106.050003,104.209999,-1.48043371578217,-10.68705901835193,105.870003
2016-08-04,105.580002,106.0,105.279999,105.870003,27408700,104.874527,0.07562340414382085,102.636,98.6150001,2.345670136901623,105.790001,104.480003,106.050003,1.2538265336764942,-9.250528100229783,107.480003
2016-08-05,106.269997,107.650002,106.18,107.480003,40553400,106.469389,1.5207329313100981,103.51799989999999,98.99433359999999,2.3023051802412713,105.870003,105.790001,104.480003,0.07562340414382085,47.95813008278393,108.370003
2016-08-08,107.519997,108.370003,107.160004,108.370003,28037200,107.35102,0.8280610114981046,104.6210006,99.49333363333334,2.168110281304427,107.480003,105.870003,105.790001,1.5207329313100981,-30.863503430045323,108.809998
2016-08-09,108.230003,108.940002,108.010002,108.809998,26315200,107.786878,0.4060118001473212,105.83500059999999,100.05233353333333,2.0941925911278565,108.370003,107.480003,105.870003,0.8280610114981046,-6.141840126688825,108.0
2016-08-10,108.709999,108.900002,107.760002,108.0,24008500,106.984496,-0.7444150490656165,106.34000089999999,100.53266699999999,1.0588242076472525,108.809998,108.370003,107.480003,0.4060118001473212,-8.765656350702255,107.93
2016-08-11,108.519997,108.93,107.849998,107.93,27484500,106.915155,-0.06481481481480644,106.69900129999999,100.98366693333334,1.0243547960475126,108.0,108.809998,108.370003,-0.7444150490656165,14.478205635504082,108.18
2016-08-12,107.779999,108.440002,107.779999,108.18,18660400,107.162804,0.2316316130825502,107.0960014,101.40300033333332,1.0123895814646542,107.93,108.0,108.809998,-0.06481481481480644,-32.10573232185414,109.480003
2016-08-15,108.139999,109.540001,108.080002,109.480003,25868200,108.450584,1.2017036420780114,107.43900139999998,101.85600046666667,0.9396684523420861,108.18,107.93,108.0,0.2316316130825502,38.62618164669567,109.379997
2016-08-16,109.629997,110.230003,109.209999,109.379997,33794400,108.351518,-0.09134636212970726,107.9290008,102.3356671,0.7206263011022651,109.480003,108.18,107.93,1.2017036420780114,30.640709442481494,109.220001
2016-08-17,109.099998,109.370003,108.339996,109.220001,25356000,108.193026,-0.14627537428073545,108.2720008,102.79200050000001,0.684743714161492,109.379997,109.480003,108.18,-0.09134636212970726,-24.96981748455366,109.080002
2016-08-18,109.230003,109.599998,109.019997,109.080002,21984700,108.054343,-0.1281807349553188,108.59300069999999,103.23000049999999,0.6958246430142782,109.220001,109.379997,109.480003,-0.14627537428073545,-13.295866855970973,109.360001
2016-08-19,108.769997,109.690002,108.360001,109.360001,25368100,108.331709,0.2566914144354282,108.78100049999998,103.6526672,0.5490160928235935,109.080002,109.220001,109.379997,-0.1281807349553188,15.389793811150486,108.510002
2016-08-22,108.860001,109.099998,107.849998,108.510002,25820200,107.489703,-0.7772485298349618,108.7950004,104.03700049999999,0.5710667632900416,109.360001,109.080002,109.220001,0.2566914144354282,1.7821594837611032,108.849998
2016-08-23,108.589996,109.32,108.529999,108.849998,21257700,107.826502,0.3133314844100621,108.7990004,104.4180005,0.5647213675217041,108.510002,109.360001,109.080002,-0.7772485298349618,-17.670273661706727,108.029999
2016-08-24,108.57,108.75,107.68,108.029999,23675100,107.014213,-0.7533293661613039,108.8020003,104.79000036666666,0.5660414680913332,108.849998,108.510002,109.360001,0.3133314844100621,11.371879366065007,107.57
2016-08-25,107.389999,107.879997,106.68,107.57,25086200,106.558539,-0.4258067242970287,108.7660003,105.08266699999999,0.582213160763771,108.029999,108.849998,108.510002,-0.7533293661613039,5.96027049516159,106.940002
2016-08-26,107.410004,107.949997,106.309998,106.940002,27766300,105.934466,-0.5856632890210878,108.6420005,105.35466709999999,0.5982553539017337,107.57,108.029999,108.849998,-0.4258067242970287,10.683563074519054,106.82
2016-08-29,106.620003,107.440002,106.290001,106.82,24970300,105.815591,-0.11221432369153961,108.3760002,105.58766703333332,0.38275215078146335,106.940002,107.57,108.029999,-0.5856632890210878,-10.069760825172958,106.0
2016-08-30,105.800003,106.5,105.5,106.0,24863900,105.003302,-0.7676465081445372,108.0380005,105.79200026666666,0.41127160112519945,106.82,106.940002,107.57,-0.11221432369153961,-0.4261062141824534,106.099998
2016-08-31,105.660004,106.57,105.639999,106.099998,29662400,105.10236,0.09433773584905936,107.7260002,105.99666690000001,0.4287527644866105,106.0,106.82,106.940002,-0.7676465081445372,19.29906410498756,106.730003
2016-09-01,106.139999,106.800003,105.620003,106.730003,26701500,105.726441,0.5937841770741636,107.4910003,106.24000033333331,0.5115516055242628,106.099998,106.0,106.82,0.09433773584905936,-9.981997410863585,107.730003
2016-09-02,107.699997,108.0,106.82,107.730003,26802500,106.717038,0.9369436633483552,107.32800049999999,106.54233363333333,0.616012724947432,106.730003,106.099998,106.0,0.5937841770741636,0.378255903226421,107.699997
2016-09-06,107.900002,108.300003,107.510002,107.699997,26880400,106.687314,-0.0278529649720749,107.24699999999999,106.887667,0.5752384674290478,107.730003,106.730003,106.099998,0.9369436633483552,0.29064452942821895,108.360001
2016-09-07,107.830002,108.760002,107.07,108.360001,42364300,107.341112,0.6128171015640893,107.19800029999999,107.27733376666667,0.6046545488163426,107.699997,107.730003,106.730003,-0.0278529649720749,57.60293745628786,105.519997
2016-09-08,107.25,107.269997,105.239998,105.519997,53002000,104.527812,-2.6208969857798303,106.9470001,107.36300043333333,1.0044865319776963,108.360001,107.699997,107.730003,0.6128171015640893,25.110057288802135,103.129997
2016-09-09,104.639999,105.720001,103.129997,103.129997,46557000,102.160285,-2.264973529140646,106.5029998,107.32266713333334,1.1946479598880864,105.519997,108.360001,107.699997,-2.6208969857798303,-12.159918493641753,105.440002
2016-09-12,102.650002,105.720001,102.529999,105.440002,45292800,104.44857,2.239896312612144,106.35299979999999,107.36366723333332,1.4552870550686163,103.129997,105.519997,108.360001,-2.264973529140646,-2.715381145692375,107.949997
2016-09-13,107.510002,108.790001,107.239998,107.949997,62176200,106.934963,2.3804959715383767,106.4659995,107.42700036666666,1.6582968693646685,105.440002,103.129997,105.519997,2.239896312612144,37.27612335735482,111.769997
2016-09-14,108.730003,113.029999,108.599998,111.769997,110888700,110.719044,3.5386754109868246,107.04299919999998,107.67000016666665,1.938338689617957,107.949997,105.440002,103.129997,2.3804959715383767,78.34589440975807,115.57
2016-09-15,113.860001,115.730003,113.489998,115.57,89983600,114.483317,3.3998417303348294,107.98999939999999,107.99600013333334,2.1251623393844983,111.769997,107.949997,105.440002,3.5386754109868246,-18.852326702360113,114.919998
2016-09-16,115.120003,116.129997,114.040001,114.919998,79886900,113.839427,-0.5624314268408592,108.80899889999998,108.29766663333334,2.1733035347008145,115.57,111.769997,107.949997,3.3998417303348294,-11.220600198258346,113.580002
2016-09-19,115.190002,116.18,113.25,113.580002,47023000,112.51203,-1.166025081204769,109.39399879999999,108.50099993333333,2.254844803969868,114.919998,115.57,111.769997,-0.5624314268408592,-41.138033895419646,113.57
2016-09-20,113.050003,114.120003,112.510002,113.57,34514300,112.502122,-0.00880612768434652,109.9809991,108.67433316666666,2.254307659602788,113.580002,114.919998,115.57,-1.166025081204769,-26.60123769219318,113.550003
2016-09-21,113.849998,113.989998,112.440002,113.550003,36003200,112.482314,-0.01760764286342642,110.49999929999998,108.83233333333332,2.261310903554774,113.57,113.580002,114.919998,-0.00880612768434652,4.313864108499965,114.620003
2016-09-22,114.349998,114.940002,114.0,114.620003,31074000,113.542252,0.9423161353857346,111.4099999,109.05300009999999,1.9795076923533703,113.550003,113.57,113.580002,-0.01760764286342642,-13.691005243978315,112.709999
2016-09-23,114.419998,114.790001,111.550003,112.709999,52481200,111.650208,-1.6663792968143576,112.36800009999999,109.2123334,1.8815347891343701,114.620003,113.550003,113.57,0.9423161353857346,68.89103430520693,112.879997
2016-09-26,111.639999,113.389999,111.550003,112.879997,29869400,111.818608,0.1508277894670229,113.11199959999999,109.36899996666668,1.8325601299915624,112.709999,114.620003,113.550003,-1.6663792968143576,-43.08552395905581,113.089996
2016-09-27,113.0,113.18,112.339996,113.089996,24607400,112.026632,0.18603738977773787,113.62599949999999,109.48933306666666,1.7377835512348214,112.879997,112.709999,114.620003,0.1508277894670229,-17.616691329588143,113.949997
2016-09-28,113.690002,114.639999,113.43,113.949997,29641100,112.878547,0.7604571849131547,113.8439995,109.6416664,1.3795475584064614,113.089996,112.879997,112.709999,0.18603738977773787,20.456041678519465,112.18
2016-09-29,113.160004,113.800003,111.800003,112.18,35887000,111.125193,-1.553310264676877,113.50499949999998,109.74033303333333,0.9145831685721784,113.949997,113.089996,112.879997,0.7604571849131547,21.071755096808143,113.050003
2016-09-30,112.459999,113.370003,111.800003,113.050003,36379100,111.987015,0.7755419860937751,113.31800000000001,109.87266640000001,0.9672210865029446,112.18,113.949997,113.089996,-1.553310264676877,1.371248641569367,112.519997
2016-10-03,112.709999,113.050003,112.279999,112.519997,21701800,111.461992,-0.46882440153496185,113.2119995,109.9779996,0.9100611248330239,113.050003,112.18,113.949997,0.7755419860937751,-40.345418110948316,113.0
2016-10-04,113.059998,114.309998,112.629997,113.0,29736800,111.937482,0.4265935058636705,113.1549995,110.12766620000001,0.9246740188406043,112.519997,113.050003,112.18,-0.46882440153496185,37.02457860638289,113.050003
2016-10-05,113.400002,113.660004,112.690002,113.050003,21453100,111.987015,0.044250442477888896,113.10499949999999,110.26766636666666,0.9250951020925938,113.0,112.519997,113.050003,0.4265935058636705,-27.856729708643833,113.889999
2016-10-06,113.699997,114.339996,113.129997,113.889999,28779300,112.819113,0.7430304977523949,113.03199909999998,110.4629997,0.9034704446865585,113.050003,113.0,112.519997,0.044250442477888896,34.149843146211964,114.059998
2016-10-07,114.309998,114.559998,113.510002,114.059998,24358400,112.987513,0.14926595969149137,113.16699899999999,110.67933296666666,0.7055852764664672,113.889999,113.050003,113.0,0.7430304977523949,-15.361388220005356,116.050003
2016-10-10,115.019997,116.75,114.720001,116.050003,36236000,114.958807,1.7447001884043578,113.48399959999999,110.98299966666667,0.8731101011019291,114.059998,113.889999,113.050003,0.14926595969149137,48.76182343667892,116.300003
2016-10-11,117.699997,118.690002,116.199997,116.300003,64041000,115.206456,0.21542438047157386,113.8050003,111.29899976666667,0.8728052099805317,116.050003,114.059998,113.889999,1.7447001884043578,76.73308312175737,117.339996
2016-10-12,117.349998,117.980003,116.75,117.339996,37586800,116.23667,0.8942329949896966,114.14400020000001,111.67699963333332,0.881902014886462,116.300003,116.050003,114.059998,0.21542438047157386,-41.308224418731754,116.980003
2016-10-13,116.790001,117.440002,115.720001,116.980003,35192400,115.880062,-0.30679479484557737,114.6240005,112.03966646666666,0.6485089548192514,117.339996,116.300003,116.050003,0.8942329949896966,-6.370321495844289,117.629997
2016-10-14,117.879997,118.169998,117.129997,117.629997,35652200,116.523945,0.5556453952219487,115.08199989999999,112.4029996,0.6388353162633327,116.980003,117.339996,116.300003,-0.30679479484557737,1.306532092156254,117.550003
2016-10-17,117.330002,117.839996,116.779999,117.550003,23624900,116.444703,-0.06800476242466713,115.5850005,112.73033293333333,0.5889067557550697,117.629997,116.980003,117.339996,0.5556453952219487,-33.73508507188897,117.470001
2016-10-18,118.18,118.209999,117.449997,117.470001,24553500,116.365453,-0.06805784598746811,116.03200060000002,113.05599973333332,0.6105199696433263,117.550003,117.629997,116.980003,-0.06800476242466713,3.9305986480365984,117.120003
2016-10-19,117.25,117.760002,113.800003,117.120003,20034600,116.018745,-0.2979467072618869,116.43900060000001,113.3479998,0.6409092877521815,117.470001,117.550003,117.629997,-0.06805784598746811,-18.404300812511455,117.059998
2016-10-20,116.860001,117.379997,116.330002,117.059998,24125800,115.959304,-0.05123377601006229,116.7560005,113.73266650000001,0.6368395173953603,117.120003,117.470001,117.550003,-0.2979467072618869,20.420672237029947,116.599998
2016-10-21,116.809998,116.910004,116.279999,116.599998,23192700,115.503631,-0.39296088147890984,117.0100005,114.18166653333333,0.6710614692369227,117.059998,117.120003,117.470001,-0.05123377601006229,-3.867643767253315,117.650002
2016-10-24,117.099998,117.739998,117.0,117.650002,23538700,116.543761,0.9005180257378731,117.1700004,114.58866653333334,0.48582836982340216,116.599998,117.059998,117.120003,-0.39296088147890984,1.491848728263645,118.25
2016-10-25,117.949997,118.360001,117.309998,118.25,48129000,117.138118,0.5099855416917043,117.3650001,114.93199996666667,0.4997684461122369,117.650002,116.599998,117.059998,0.9005180257378731,104.4675364399903,115.589996
2016-10-26,114.309998,115.699997,113.309998,115.589996,66134200,114.503125,-2.2494748414376375,117.19000009999999,115.05933326666667,0.854627538552419,118.25,117.650002,116.599998,0.5099855416917043,37.41029317043778,114.480003
2016-10-27,115.389999,115.860001,114.099998,114.480003,34562000,113.403569,-0.9602846599285342,116.94000009999999,115.02300003333333,0.8923692368182479,115.589996,118.25,117.650002,-2.2494748414376375,-47.739596154485874,113.720001
2016-10-28,113.870003,115.209999,113.449997,113.720001,37861700,112.650713,-0.66387314822135,116.54900049999999,114.98300013333333,0.8584644216207366,114.480003,115.589996,118.25,-0.9602846599285342,9.54719055610207,113.540001
2016-10-31,113.650002,114.230003,113.199997,113.540001,26419400,112.472406,-0.15828350194966312,116.1480003,114.98166676666666,0.8558254102573924,113.720001,114.480003,115.589996,-0.66387314822135,-30.221305435307976,111.489998
2016-11-01,113.459999,113.769997,110.529999,111.489998,43825800,110.441678,-1.8055337167030672,115.55,114.91233336666666,0.9633796729891296,113.540001,113.720001,114.480003,-0.15828350194966312,65.88491790123925,111.589996
2016-11-02,111.400002,112.349998,111.230003,111.589996,28331700,110.540737,0.08969235069857806,114.9969993,114.8469998,0.9808101910085716,111.489998,113.540001,113.720001,-1.8055337167030672,-35.35383267390442,109.830002
2016-11-03,110.980003,111.459999,109.550003,109.830002,26932600,109.35588,-1.5771969379764217,114.27399969999999,114.68733309999999,1.0247332289191518,111.589996,111.489998,113.540001,0.08969235069857806,-4.938284677587301,108.839996
2016-11-04,108.529999,110.25,108.110001,108.839996,30837000,108.370149,-0.9013985085787324,113.49799949999999,114.55833299999999,1.024237860516446,109.830002,111.589996,111.489998,-1.5771969379764217,14.496929371839329,110.410004
2016-11-07,110.080002,110.510002,109.459999,110.410004,32560000,109.933378,1.4424917839945595,112.77399969999999,114.47599989999999,1.1264914722580757,108.839996,109.830002,111.589996,-0.9013985085787324,5.587443655349089,111.059998
2016-11-08,110.309998,111.720001,109.699997,111.059998,24054500,110.580566,0.5887093347084704,112.05499949999998,114.40833330000001,1.1355616170739946,110.410004,108.839996,109.830002,1.4424917839945595,-26.122542997542997,110.879997
2016-11-09,109.879997,111.32,108.050003,110.879997,59176400,110.401343,-0.1620754576278527,111.5839996,114.30599996666666,0.9844491227434654,111.059998,110.410004,108.839996,0.5887093347084704,146.00968633727578,107.790001
2016-11-10,111.089996,111.089996,105.830002,107.790001,57134500,107.324686,-2.7867930046931777,110.91499939999999,114.15966666666667,1.2352303967337228,110.879997,111.059998,110.410004,-0.1620754576278527,-3.4505309549077046,108.43
2016-11-11,107.120003,108.870003,106.550003,108.43,34143900,107.961922,0.5937461676060352,110.38599930000001,114.00566656666666,1.2900646719552111,107.790001,110.879997,111.059998,-2.7867930046931777,-40.23943501737129,105.709999
2016-11-14,107.709999,107.809998,104.080002,105.709999,51175500,105.253663,-2.5085317716499245,109.60299909999999,113.77866663333333,1.4335449183244893,108.43,107.790001,110.879997,0.5937461676060352,49.88182369325121,107.110001
2016-11-15,106.57,107.68,106.160004,107.110001,32264500,106.647621,1.324379919821972,109.16499939999999,113.58233333333332,1.5058613314101197,105.709999,108.43,107.790001,-2.5085317716499245,-36.953229572744775,109.989998
2016-11-16,106.699997,110.230003,106.599998,109.989998,58840500,109.515186,2.688821746906722,109.00499959999999,113.48033316666667,1.7944508442495664,107.110001,105.709999,108.43,1.324379919821972,82.36916735111346,109.949997
2016-11-17,109.809998,110.349998,108.830002,109.949997,27632000,109.475358,-0.03636785228416928,109.01699909999999,113.34899976666667,1.7210072471128575,109.989998,107.110001,105.709999,2.688821746906722,-53.03914820574265,110.059998
2016-11-18,109.720001,110.540001,109.660004,110.059998,28428900,109.584883,0.10004638745009231,109.1389993,113.21566643333333,1.690014057582584,109.949997,109.989998,107.110001,-0.03636785228416928,2.8839751013317816,111.730003
2016-11-21,110.120003,111.989998,110.010002,111.730003,29264600,111.24768,1.5173587410023393,109.27099919999998,113.07166643333333,1.6966545131513497,110.059998,109.949997,109.989998,0.10004638745009231,2.9396142657647673,111.800003
2016-11-22,111.949997,112.419998,111.400002,111.800003,25965500,111.317377,0.06265103205984612,109.34499969999999,112.92166643333333,1.6890564987895915,111.730003,110.059998,109.949997,1.5173587410023393,-11.273347320653626,111.230003
2016-11-23,111.360001,111.510002,110.330002,111.230003,27426400,110.749838,-0.5098389845302642,109.38000029999998,112.718,1.6981346562722188,111.800003,111.730003,110.059998,0.06265103205984612,5.626311836860443,111.790001
2016-11-25,111.129997,111.870003,110.949997,111.790001,11475900,111.307418,0.5034594847579177,109.78000029999998,112.54499993333334,1.3769728687829759,111.230003,111.800003,111.730003,-0.5098389845302642,-58.157468716273364,111.57
2016-11-28,111.43,112.470001,111.389999,111.57,27194000,111.088367,-0.19679845964042375,110.09400029999999,112.34300003333333,1.3855940971628646,111.790001,111.230003,111.800003,0.5034594847579177,136.9661638738574,111.459999
2016-11-29,110.779999,112.029999,110.07,111.459999,28528800,110.978841,-0.09859370798601663,110.6690003,112.1399999,0.9997503881146532,111.57,111.790001,111.230003,-0.19679845964042375,4.908435684342138,110.519997
2016-11-30,111.599998,112.199997,110.269997,110.519997,36162300,110.042897,-0.8433536770442562,111.00999989999998,111.9083331,1.0437410214530198,111.459999,111.57,111.790001,-0.09859370798601663,26.757171700176663,109.489998
2016-12-01,110.370003,110.940002,109.029999,109.489998,37086900,109.017344,-0.9319571371323887,110.9599999,111.65399959999999,0.7024163592781122,110.519997,111.459999,111.57,-0.8433536770442562,2.5568063978231415,109.900002
2016-12-02,109.169998,110.089996,108.849998,109.900002,26528000,109.425578,0.37446708145889573,110.95500039999999,111.41533306666665,0.7147753189693972,109.489998,110.519997,111.459999,-0.9319571371323887,-28.470699896729034,109.110001
2016-12-05,110.0,110.029999,108.25,109.110001,34324500,108.638987,-0.7188362016590344,110.8600007,111.1656665,0.7478932240680636,109.900002,109.489998,110.519997,0.37446708145889573,29.389701447527152,109.949997
2016-12-06,109.5,110.360001,109.190002,109.949997,26195500,109.475358,0.7698616004961911,110.68200010000001,110.90899966666666,0.590925595692899,109.110001,109.900002,109.489998,-0.7188362016590344,-23.68279217468572,111.029999
2016-12-07,109.260002,111.190002,109.160004,111.029999,29998700,110.550697,0.9822665115670759,110.60499969999998,110.66833296666665,0.6921250044557168,109.949997,109.110001,109.900002,0.7698616004961911,14.518524173999348,112.120003
2016-12-08,110.860001,112.43,110.599998,112.120003,27068300,111.635996,0.9817202646286605,110.69399969999999,110.55266653333334,0.744786644538625,111.029999,109.949997,109.110001,0.9822665115670759,-9.768423298342931,113.949997
2016-12-09,112.309998,114.699997,112.309998,113.949997,34402600,113.45809,1.632174412267906,110.90999929999998,110.53499966666666,0.8875604817159687,112.120003,111.029999,109.949997,0.9817202646286605,27.09553241245295,113.300003
2016-12-12,113.290001,115.0,112.489998,113.300003,26374400,112.810902,-0.5704203748245762,111.0829996,110.52099973333333,0.9133787398384963,113.949997,112.120003,111.029999,1.632174412267906,-23.336026928197285,115.190002
2016-12-13,113.839996,115.919998,113.75,115.190002,43733800,114.692743,1.6681367607730868,111.45599990000001,110.57599976666667,1.0226235008217506,113.300003,113.949997,112.120003,-0.5704203748245762,65.8191276389226,115.190002
2016-12-14,115.040001,116.199997,114.980003,115.190002,34031800,114.692743,0.0,111.9230004,110.69933323333333,0.9466557817157487,115.190002,113.300003,113.949997,1.6681367607730868,-22.184214497711153,115.82
2016-12-15,115.379997,116.730003,115.230003,115.82,46524500,115.32002,0.5469207301515455,112.55600059999999,110.84033336666667,0.8191289594230655,115.190002,115.190002,113.300003,0.0,36.70890167431637,115.970001
2016-12-16,116.470001,116.5,115.650002,115.970001,44351100,115.469374,0.1295121740632066,113.1630005,111.045,0.8291156556405688,115.82,115.190002,115.190002,0.5469207301515455,-4.671517157626626,116.639999
2016-12-19,115.800003,117.379997,115.75,116.639999,27779400,116.13648,0.5777338917156705,113.9160003,111.30500009999999,0.7015861477950234,115.970001,115.82,115.190002,0.1295121740632066,-37.36480042208649,116.949997
2016-12-20,116.739998,117.5,116.68,116.949997,21425000,116.445139,0.2657733218944802,114.6160003,111.52299986666667,0.7117919258837987,116.639999,115.970001,115.82,0.5777338917156705,-22.874504128958872,117.059998
2016-12-21,116.800003,117.400002,116.779999,117.059998,23783200,116.554665,0.09405814691898495,115.21900019999998,111.72299986666667,0.7171526032598605,116.949997,116.639999,115.970001,0.2657733218944802,11.006767794632433,116.290001
2016-12-22,116.349998,116.510002,115.639999,116.290001,26085900,115.787993,-0.6577797822959086,115.636,111.90333333333334,0.7870579238451176,117.059998,116.949997,116.639999,0.09405814691898495,9.682044468364225,116.519997
2016-12-23,115.589996,116.519997,115.589996,116.519997,14249500,116.016995,0.19777796717019847,115.893,112.1943332,0.6499558519312264,116.290001,117.059998,116.949997,-0.6577797822959086,-45.37470434219253,117.260002
2016-12-27,116.519997,117.800003,116.489998,117.260002,18296900,116.753806,0.6350884131931522,116.2889999,112.48866659999999,0.5955132527326148,116.519997,116.290001,117.059998,0.19777796717019847,28.40380364223305,116.760002
2016-12-28,117.519997,118.019997,116.199997,116.760002,20905900,116.255965,-0.4264028581544843,116.44599989999999,112.85700003333334,0.42169121974599805,117.260002,116.519997,116.290001,0.6350884131931522,14.259246101798674,116.730003
2016-12-29,116.449997,117.110001,116.400002,116.730003,15039500,116.226096,-0.025692873831917318,116.59999999999998,113.17766676666666,0.42269081398565644,116.760002,117.260002,116.519997,-0.4264028581544843,-28.06097800142543,115.82
2016-12-30,116.650002,117.199997,115.43,115.82,30586300,115.32002,-0.77957935116304,116.6,113.37200016666667,0.4825133722176271,116.730003,116.760002,117.260002,-0.025692873831917318,103.37311745736227,116.150002
2017-01-03,115.800003,116.330002,114.760002,116.150002,28781900,115.648597,0.2849266102572967,116.61800009999999,113.578667,0.4895622494388506,115.82,116.730003,116.760002,-0.77957935116304,-5.899373248807471,116.019997
2017-01-04,115.849998,116.510002,115.75,116.019997,21118100,115.519154,-0.11192853875283681,116.5559999,113.77733363333331,0.4485919162923902,116.150002,115.82,116.730003,0.2849266102572967,-26.62715109148458,116.610001
2017-01-05,115.919998,116.860001,115.809998,116.610001,22193600,116.106611,0.508536472380694,116.52200029999999,113.94000023333334,0.4735941453934224,116.019997,116.150002,115.82,-0.11192853875283681,5.092787703439239,117.910004
2017-01-06,116.779999,118.160004,116.470001,117.910004,31751900,117.401002,1.1148297649015593,116.60700089999997,114.14366693333334,0.5968240236985319,116.610001,116.019997,116.150002,0.508536472380694,43.06782135390384,118.989998
2017-01-09,117.949997,119.43,117.940002,118.989998,33387600,118.476334,0.9159477256908577,116.8770006,114.40233343333334,0.5898750613414668,117.910004,116.610001,116.019997,1.1148297649015593,5.151502744717629,119.110001
2017-01-10,118.769997,119.379997,118.300003,119.110001,24462100,118.595819,0.10085133373982647,117.136001,114.64633343333334,0.5912826641012332,118.989998,117.910004,116.610001,0.9159477256908577,-26.73297871065905,119.75
2017-01-11,118.739998,119.93,118.599998,119.75,27588600,119.233055,0.5373176010635694,117.38500079999999,114.9190001,0.5844557771748223,119.110001,118.989998,117.910004,0.10085133373982647,12.78099590795556,119.25
2017-01-12,118.900002,119.300003,118.209999,119.25,27086200,118.735214,-0.41753653444676075,117.6340006,115.1786668,0.5833856447469247,119.75,119.110001,118.989998,0.5373176010635694,-1.821042024604369,119.040001
2017-01-13,119.110001,119.620003,118.809998,119.040001,26111900,118.526121,-0.17609979035638768,117.86500039999999,115.46266693333334,0.5920905904886132,119.25,119.75,119.110001,-0.41753653444676075,-3.597034652332187,120.0
2017-01-17,118.339996,120.239998,118.220001,120.0,34439800,119.481976,0.8064507660748399,118.28300039999999,115.81300033333333,0.5076099404920906,119.040001,119.25,119.75,-0.17609979035638768,31.893121526966638,119.989998
2017-01-18,120.0,120.5,119.709999,119.989998,23713000,119.472017,-0.008335000000003756,118.667,116.14933353333332,0.52050107022506,120.0,119.040001,119.25,0.8064507660748399,-31.146522337528094,119.779999
2017-01-19,119.400002,120.089996,119.370003,119.779999,25597300,119.262925,-0.17501375406306918,119.04300019999998,116.50500013333333,0.5267567724720351,119.989998,120.0,119.040001,-0.008335000000003756,7.946274195588909,120.0
2017-01-20,120.449997,120.449997,119.730003,120.0,32597900,119.481976,0.18367089817723503,119.38200009999998,116.84000023333333,0.5238947737615943,119.779999,119.989998,120.0,-0.17501375406306918,27.34897821254585,120.080002
2017-01-23,120.0,120.809998,119.769997,120.080002,22050200,119.561633,0.06666833333333066,119.5989999,117.14166700000001,0.43793762619864657,120.0,119.779999,119.989998,0.18367089817723503,-32.35699232159127,119.970001
2017-01-24,119.550003,120.099998,119.5,119.970001,23211000,119.452107,-0.09160642752154002,119.69700019999998,117.40333360000001,0.359563671524942,120.080002,120.0,119.779999,0.06666833333333066,5.264351343751983,121.879997
2017-01-25,120.419998,122.099998,120.279999,121.879997,32377600,121.353858,1.592061335400019,119.9739998,117.66766693333334,0.5980741693170141,119.970001,120.080002,120.0,-0.09160642752154002,39.49248201283875,121.940002
2017-01-26,121.669998,122.440002,121.599998,121.940002,26337600,121.413604,0.04923285319740067,120.19300000000001,117.95566690000001,0.5902316159532902,121.879997,119.970001,120.080002,1.592061335400019,-18.654872504447518,121.949997
2017-01-27,122.139999,122.349998,121.599998,121.949997,20562900,121.423555,0.008196653957726063,120.4629997,118.18100006666667,0.556496046372949,121.940002,121.879997,119.970001,0.04923285319740067,-21.925687989794064,121.629997
2017-01-30,120.93,121.629997,120.660004,121.629997,30377500,121.104937,-0.26240263048140644,120.7219993,118.39566656666668,0.564034702682079,121.949997,121.940002,121.879997,0.008196653957726063,47.729649028104014,121.349998
2017-01-31,121.150002,121.389999,120.620003,121.349998,49201000,120.826147,-0.23020554707404717,120.85699910000001,118.57999983333333,0.5383171294843327,121.629997,121.949997,121.940002,-0.26240263048140644,61.965270348119496,128.75
2017-02-01,127.029999,130.490005,127.010002,128.75,111985000,128.194203,6.098065201451419,121.73299929999999,119.00599979999998,1.9630693267528692,121.349998,121.629997,121.949997,-0.23020554707404717,127.60716245604766,128.529999
2017-02-02,127.980003,129.389999,127.779999,128.529999,33710400,127.975152,-0.17087456310679316,122.60799929999999,119.40233313333333,1.9628591611538404,128.75,121.349998,121.629997,6.098065201451419,-69.89739697280885,129.080002
2017-02-03,128.309998,129.190002,128.160004,129.080002,24507300,128.522781,0.42791799912798023,123.51599949999999,119.80666663333334,1.9568952464539133,128.529999,128.75,121.349998,-0.17087456310679316,-27.300477004129288,130.289993
2017-02-06,129.130005,130.5,128.899994,130.289993,26845900,129.727549,0.9373961738860181,124.53699859999999,120.24766646666667,1.9424945056072784,129.080002,128.529999,128.75,0.42791799912798023,9.542462858005575,131.529999
2017-02-07,130.539993,132.089996,130.449997,131.529999,38183800,130.962201,0.951727735529162,125.69299840000001,120.75566640000001,1.9149735062615734,130.289993,129.080002,128.529999,0.9373961738860181,42.23326466983786,132.039993
2017-02-08,131.350006,132.220001,131.220001,132.039993,23004100,131.469994,0.3877396821085677,126.708998,121.2729996,1.9072711393522348,131.529999,130.289993,129.080002,0.951727735529162,-39.75429370570765,132.419998
2017-02-09,131.649994,132.449997,131.119995,132.419998,28349900,132.419998,0.2877953802981281,127.7569976,121.77833280000002,1.8980332022946143,132.039993,131.529999,130.289993,0.3877396821085677,23.238466186462414,132.119995
2017-02-10,132.460007,132.940002,132.050003,132.119995,20065500,132.119995,-0.22655414932116757,128.7739974,122.29033256666665,1.9109206757186565,132.419998,132.039993,131.529999,0.2877953802981281,-29.22197256427712,133.289993
2017-02-13,133.080002,133.820007,132.75,133.289993,23035400,133.289993,0.885557102844281,129.939997,122.84233223333334,1.872768082466859,132.119995,132.419998,132.039993,-0.22655414932116757,14.801026637761328,135.020004
2017-02-14,133.470001,135.089996,133.25,135.020004,32815500,135.020004,1.2979301454385972,131.3069976,123.48233236666667,1.8289728641615675,133.289993,132.119995,132.419998,0.885557102844281,42.45682731795411,135.509995
2017-02-15,135.520004,136.270004,134.619995,135.509995,35501600,135.509995,0.36290252220700925,131.98299709999998,124.12766546666667,0.4986977685651149,135.020004,133.289993,132.119995,1.2979301454385972,8.185461138791128,135.350006
2017-02-16,135.669998,135.899994,134.839996,135.350006,22118000,135.350006,-0.11806435385079972,132.6649978,124.7719991,0.49085551427160484,135.509995,135.020004,133.289993,0.36290252220700925,-37.698582599094124,
